sample_name,read_type,source_type,file_path_1,file_path_2,checksum_1,checksum_2
SRR17052122,paired,sra_paired,SRR17052122,,,
SRR17052116,paired,sra_paired,SRR17052116,,,
SRR17052113,paired,sra_paired,SRR17052113,,,
SRR17052110,paired,sra_paired,SRR17052110,,,
SRR17052107,paired,sra_paired,SRR17052107,,,
SRR17052104,paired,sra_paired,SRR17052104,,,
SRR17052103,paired,sra_paired,SRR17052103,,,
SRR17052101,paired,sra_paired,SRR17052101,,,
SRR17052100,paired,sra_paired,SRR17052100,,,
SRR17052099,paired,sra_paired,SRR17052099,,,
SRR17052098,paired,sra_paired,SRR17052098,,,
SRR17052095,paired,sra_paired,SRR17052095,,,
SRR17052093,paired,sra_paired,SRR17052093,,,
SRR17052082,paired,sra_paired,SRR17052082,,,
SRR19091061,paired,sra_paired,SRR19091061,,,
SRR19091060,paired,sra_paired,SRR19091060,,,
SRR19091059,paired,sra_paired,SRR19091059,,,
SRR19091058,paired,sra_paired,SRR19091058,,,
SRR19091057,paired,sra_paired,SRR19091057,,,
SRR19091056,paired,sra_paired,SRR19091056,,,
SRR19091055,paired,sra_paired,SRR19091055,,,
SRR19091054,paired,sra_paired,SRR19091054,,,
SRR19091053,paired,sra_paired,SRR19091053,,,
SRR19091052,paired,sra_paired,SRR19091052,,,
SRR19091051,paired,sra_paired,SRR19091051,,,
SRR19091050,paired,sra_paired,SRR19091050,,,
SRR19091049,paired,sra_paired,SRR19091049,,,
SRR19091048,paired,sra_paired,SRR19091048,,,
SRR19091047,paired,sra_paired,SRR19091047,,,
SRR19091046,paired,sra_paired,SRR19091046,,,
SRR19091045,paired,sra_paired,SRR19091045,,,
SRR19091042,paired,sra_paired,SRR19091042,,,
SRR19091041,paired,sra_paired,SRR19091041,,,
SRR19091040,paired,sra_paired,SRR19091040,,,
SRR19091039,paired,sra_paired,SRR19091039,,,
SRR19091038,paired,sra_paired,SRR19091038,,,
SRR19091037,paired,sra_paired,SRR19091037,,,
SRR19091036,paired,sra_paired,SRR19091036,,,
ERR1328272,single,ftp,ftp.sra.ebi.ac.uk/vol1/fastq/ERR132/002/ERR1328272/ERR1328272.fastq.gz,,bb0e33ca210d6694931e7fbdccdd0db0,
ERR1328273,single,ftp,ftp.sra.ebi.ac.uk/vol1/fastq/ERR132/003/ERR1328273/ERR1328273.fastq.gz,,8ebbf83c667857b17e6ff46bb1a7eb10,
ERR1328274,single,ftp,ftp.sra.ebi.ac.uk/vol1/fastq/ERR132/004/ERR1328274/ERR1328274.fastq.gz,,cfd0474a671e62fd282e7752bf46f913,
ERR1328275,single,ftp,ftp.sra.ebi.ac.uk/vol1/fastq/ERR132/005/ERR1328275/ERR1328275.fastq.gz,,f9066cc23877122fc82243f19b5c539e,
ERR1328276,single,ftp,ftp.sra.ebi.ac.uk/vol1/fastq/ERR132/006/ERR1328276/ERR1328276.fastq.gz,,3053878402d9bb6a68ff2c0e4d838973,
ERR1328277,single,ftp,ftp.sra.ebi.ac.uk/vol1/fastq/ERR132/007/ERR1328277/ERR1328277.fastq.gz,,46c19863f9c6790fa99d1657de2843e3,
ERR1328278,single,ftp,ftp.sra.ebi.ac.uk/vol1/fastq/ERR132/008/ERR1328278/ERR1328278.fastq.gz,,ad8bad70c5f3965fd810ca46e2d19a58,
ERR1328279,single,ftp,ftp.sra.ebi.ac.uk/vol1/fastq/ERR132/009/ERR1328279/ERR1328279.fastq.gz,,ec02c7e8961335374c97b3ec9710fb63,
ERR1328280,single,ftp,ftp.sra.ebi.ac.uk/vol1/fastq/ERR132/000/ERR1328280/ERR1328280.fastq.gz,,8e54f704558bbc356778b66cad919c2e,
ERR1328281,single,ftp,ftp.sra.ebi.ac.uk/vol1/fastq/ERR132/001/ERR1328281/ERR1328281.fastq.gz,,2aa5063d87928a10fdf179af03b6f04b,
ERR1328282,single,ftp,ftp.sra.ebi.ac.uk/vol1/fastq/ERR132/002/ERR1328282/ERR1328282.fastq.gz,,a85ed15f4997eab30d78bc2c4fd5e88d,
ERR1328283,single,ftp,ftp.sra.ebi.ac.uk/vol1/fastq/ERR132/003/ERR1328283/ERR1328283.fastq.gz,,4323572de1300cff93778e8d862f428b,
ERR1328284,single,ftp,ftp.sra.ebi.ac.uk/vol1/fastq/ERR132/004/ERR1328284/ERR1328284.fastq.gz,,028c3251f292d3627b7817037a5f408b,
ERR1328285,single,ftp,ftp.sra.ebi.ac.uk/vol1/fastq/ERR132/005/ERR1328285/ERR1328285.fastq.gz,,6dedc4c72da640cb97aa9d86f6561de0,
ERR1328286,single,ftp,ftp.sra.ebi.ac.uk/vol1/fastq/ERR132/006/ERR1328286/ERR1328286.fastq.gz,,4a22dfe1d42aba1d2bf437bb72e5a7c1,
ERR1328287,single,ftp,ftp.sra.ebi.ac.uk/vol1/fastq/ERR132/007/ERR1328287/ERR1328287.fastq.gz,,3c3d5205439ecfa7e94c87e8e4b50dbb,
ERR1328288,single,ftp,ftp.sra.ebi.ac.uk/vol1/fastq/ERR132/008/ERR1328288/ERR1328288.fastq.gz,,d82b8f1372d48ef81b79ebc3217150e6,
ERR1328289,single,ftp,ftp.sra.ebi.ac.uk/vol1/fastq/ERR132/009/ERR1328289/ERR1328289.fastq.gz,,301e019e00a3f0ce9589b352949e7ba5,
ERR1328290,single,ftp,ftp.sra.ebi.ac.uk/vol1/fastq/ERR132/000/ERR1328290/ERR1328290.fastq.gz,,ed570e88dfe629d0dbe5069d79b63606,
ERR1328291,single,ftp,ftp.sra.ebi.ac.uk/vol1/fastq/ERR132/001/ERR1328291/ERR1328291.fastq.gz,,101f2877562f3f3084d9c28b6e3b2171,
ERR1328292,single,ftp,ftp.sra.ebi.ac.uk/vol1/fastq/ERR132/002/ERR1328292/ERR1328292.fastq.gz,,c10b3e3aa54c21df4df25542c643bc8a,
ERR1328293,single,ftp,ftp.sra.ebi.ac.uk/vol1/fastq/ERR132/003/ERR1328293/ERR1328293.fastq.gz,,810ea247d043bf3d4f4609e365725def,
ERR1328294,single,ftp,ftp.sra.ebi.ac.uk/vol1/fastq/ERR132/004/ERR1328294/ERR1328294.fastq.gz,,aa571ede78d2934c2186af678d396774,
ERR1328295,single,ftp,ftp.sra.ebi.ac.uk/vol1/fastq/ERR132/005/ERR1328295/ERR1328295.fastq.gz,,c76e6d7b2dbe3daf345e7e2913b0b490,
ERR1395522,paired,ftp,ftp.sra.ebi.ac.uk/vol1/fastq/ERR139/002/ERR1395522/ERR1395522_1.fastq.gz,ftp.sra.ebi.ac.uk/vol1/fastq/ERR139/002/ERR1395522/ERR1395522_2.fastq.gz,fb185bbeed5618fe822938b8408bbbbb,e87ffdf800662193fe295778b6586023
ERR1395523,paired,ftp,ftp.sra.ebi.ac.uk/vol1/fastq/ERR139/003/ERR1395523/ERR1395523_1.fastq.gz,ftp.sra.ebi.ac.uk/vol1/fastq/ERR139/003/ERR1395523/ERR1395523_2.fastq.gz,6a32d3ddcc5ae266ef45219b97d461a0,e88c7d3e0c3c78adc7694467406edee9
ERR1395524,paired,ftp,ftp.sra.ebi.ac.uk/vol1/fastq/ERR139/004/ERR1395524/ERR1395524_1.fastq.gz,ftp.sra.ebi.ac.uk/vol1/fastq/ERR139/004/ERR1395524/ERR1395524_2.fastq.gz,6cbe567e7f12e23c096dfd23a31f58fa,ecd9ed74ea153ca00f9cbd09d6f84490
ERR1395525,paired,ftp,ftp.sra.ebi.ac.uk/vol1/fastq/ERR139/005/ERR1395525/ERR1395525_1.fastq.gz,ftp.sra.ebi.ac.uk/vol1/fastq/ERR139/005/ERR1395525/ERR1395525_2.fastq.gz,827eae8b1b57e4fa8e9d011671f25e58,81e7a66ad2fff78de39b75de6e35aea5
ERR1413153,paired,ftp,ftp.sra.ebi.ac.uk/vol1/fastq/ERR141/003/ERR1413153/ERR1413153_1.fastq.gz,ftp.sra.ebi.ac.uk/vol1/fastq/ERR141/003/ERR1413153/ERR1413153_2.fastq.gz,00cc6d3bf35480772dec23faca7fbfc8,e5e483ba96588d2f9e7a14cdabc55006
ERR1413154,paired,ftp,ftp.sra.ebi.ac.uk/vol1/fastq/ERR141/004/ERR1413154/ERR1413154_1.fastq.gz,ftp.sra.ebi.ac.uk/vol1/fastq/ERR141/004/ERR1413154/ERR1413154_2.fastq.gz,2bf7c2625d60cbc85493fcabfe724b82,d2684ad20161dca32163ca7e3fdf9f21
ERR2222763,paired,ftp,ftp.sra.ebi.ac.uk/vol1/fastq/ERR222/003/ERR2222763/ERR2222763_1.fastq.gz,ftp.sra.ebi.ac.uk/vol1/fastq/ERR222/003/ERR2222763/ERR2222763_2.fastq.gz,3fd79d22f2351cec8ee81a0e3bcd4daa,1f13fe6108f509a68cbd7a1e47059a42
ERR2222764,paired,ftp,ftp.sra.ebi.ac.uk/vol1/fastq/ERR222/004/ERR2222764/ERR2222764_1.fastq.gz,ftp.sra.ebi.ac.uk/vol1/fastq/ERR222/004/ERR2222764/ERR2222764_2.fastq.gz,29d77facc43b20654d3518cb6717141b,6658be307a1677a5deb6835c5436aa1b
ERR2222765,paired,ftp,ftp.sra.ebi.ac.uk/vol1/fastq/ERR222/005/ERR2222765/ERR2222765_1.fastq.gz,ftp.sra.ebi.ac.uk/vol1/fastq/ERR222/005/ERR2222765/ERR2222765_2.fastq.gz,133719458908d8348ec85da6dadc5e92,169d8bd407d3a1de0779a1d10344313c
ERR2222766,paired,ftp,ftp.sra.ebi.ac.uk/vol1/fastq/ERR222/006/ERR2222766/ERR2222766_1.fastq.gz,ftp.sra.ebi.ac.uk/vol1/fastq/ERR222/006/ERR2222766/ERR2222766_2.fastq.gz,dae7bc2359f6ef64c3e70fe23c5c3eb9,9a2bb2957843161f2ce367bb52dc0f78
ERR2222767,paired,ftp,ftp.sra.ebi.ac.uk/vol1/fastq/ERR222/007/ERR2222767/ERR2222767_1.fastq.gz,ftp.sra.ebi.ac.uk/vol1/fastq/ERR222/007/ERR2222767/ERR2222767_2.fastq.gz,b8fa4f2317089635ba4d95549c07a197,6deaa59fe480f4d5afaca8547e2b964f
ERR2222768,paired,ftp,ftp.sra.ebi.ac.uk/vol1/fastq/ERR222/008/ERR2222768/ERR2222768_1.fastq.gz,ftp.sra.ebi.ac.uk/vol1/fastq/ERR222/008/ERR2222768/ERR2222768_2.fastq.gz,8b0d2ef4bde104583500e8267b208263,75a2bbf33acbb20c009a2a1f24a183dc
ERR2222769,paired,ftp,ftp.sra.ebi.ac.uk/vol1/fastq/ERR222/009/ERR2222769/ERR2222769_1.fastq.gz,ftp.sra.ebi.ac.uk/vol1/fastq/ERR222/009/ERR2222769/ERR2222769_2.fastq.gz,719a52d1e8bc6e6b302e7d77dffbdcbc,32d81570583eedf42e636bbac8f04e4d
ERR2222770,paired,ftp,ftp.sra.ebi.ac.uk/vol1/fastq/ERR222/000/ERR2222770/ERR2222770_1.fastq.gz,ftp.sra.ebi.ac.uk/vol1/fastq/ERR222/000/ERR2222770/ERR2222770_2.fastq.gz,82589556cf5117fad5ad1caa2da1e19b,87aa654ff777e183307b02ef3afd5ee2
ERR2222771,paired,ftp,ftp.sra.ebi.ac.uk/vol1/fastq/ERR222/001/ERR2222771/ERR2222771_1.fastq.gz,ftp.sra.ebi.ac.uk/vol1/fastq/ERR222/001/ERR2222771/ERR2222771_2.fastq.gz,eea9b01ed30682a335def29953386d4d,27223601fd325ea942910b0a670e7aa6
ERR2222772,paired,ftp,ftp.sra.ebi.ac.uk/vol1/fastq/ERR222/002/ERR2222772/ERR2222772_1.fastq.gz,ftp.sra.ebi.ac.uk/vol1/fastq/ERR222/002/ERR2222772/ERR2222772_2.fastq.gz,4f3afff87012ee41975d4d49a596ab2b,6f20a02aea7a97259931db3edcafbe39
ERR2222773,paired,ftp,ftp.sra.ebi.ac.uk/vol1/fastq/ERR222/003/ERR2222773/ERR2222773_1.fastq.gz,ftp.sra.ebi.ac.uk/vol1/fastq/ERR222/003/ERR2222773/ERR2222773_2.fastq.gz,118742e8ba8bb398774b2b7c73fac753,17e027ff7a01352c64d44577f1be4cd1
ERR2222774,paired,ftp,ftp.sra.ebi.ac.uk/vol1/fastq/ERR222/004/ERR2222774/ERR2222774_1.fastq.gz,ftp.sra.ebi.ac.uk/vol1/fastq/ERR222/004/ERR2222774/ERR2222774_2.fastq.gz,8765376a930fa5fb34f695796677e457,af3d404c66ab5652911d35f5859655eb
ERR2812444,paired,ftp,ftp.sra.ebi.ac.uk/vol1/fastq/ERR281/004/ERR2812444/ERR2812444_1.fastq.gz,ftp.sra.ebi.ac.uk/vol1/fastq/ERR281/004/ERR2812444/ERR2812444_2.fastq.gz,812b43346ddeeb473ec4b01090807176,a02614e37a9acad8f42816ee1db920c0
ERR2812445,paired,ftp,ftp.sra.ebi.ac.uk/vol1/fastq/ERR281/005/ERR2812445/ERR2812445_1.fastq.gz,ftp.sra.ebi.ac.uk/vol1/fastq/ERR281/005/ERR2812445/ERR2812445_2.fastq.gz,ecc0fe46ad0d8d0da3395b76feee1120,87edd0660e86a74acbdb41abfe56e266
ERR3014707,paired,ftp,ftp.sra.ebi.ac.uk/vol1/fastq/ERR301/007/ERR3014707/ERR3014707_1.fastq.gz,ftp.sra.ebi.ac.uk/vol1/fastq/ERR301/007/ERR3014707/ERR3014707_2.fastq.gz,47dfcd2a24469a923c93e8938f6fa7ec,2b79731735afb9219c271ce16a7a7011
ERR3014708,paired,ftp,ftp.sra.ebi.ac.uk/vol1/fastq/ERR301/008/ERR3014708/ERR3014708_1.fastq.gz,ftp.sra.ebi.ac.uk/vol1/fastq/ERR301/008/ERR3014708/ERR3014708_2.fastq.gz,c9176833376037d037d7da3927f6ac16,201e026859801afbba53776967e0a780
ERR3014709,paired,ftp,ftp.sra.ebi.ac.uk/vol1/fastq/ERR301/009/ERR3014709/ERR3014709_1.fastq.gz,ftp.sra.ebi.ac.uk/vol1/fastq/ERR301/009/ERR3014709/ERR3014709_2.fastq.gz,1bc8a02c83b9c3a480a3c417726657ba,53251d9acbfa81bbf9ae49fcd96a0bdd
ERR3014710,paired,ftp,ftp.sra.ebi.ac.uk/vol1/fastq/ERR301/000/ERR3014710/ERR3014710_1.fastq.gz,ftp.sra.ebi.ac.uk/vol1/fastq/ERR301/000/ERR3014710/ERR3014710_2.fastq.gz,4ac1dcc2de6934e95a6a4e23e252ee7e,16675452ebfbae97bd7c19d670f1dc73
ERR3014711,paired,ftp,ftp.sra.ebi.ac.uk/vol1/fastq/ERR301/001/ERR3014711/ERR3014711_1.fastq.gz,ftp.sra.ebi.ac.uk/vol1/fastq/ERR301/001/ERR3014711/ERR3014711_2.fastq.gz,ac64a79ea95c3264080c558272aced0c,e81100364a00a66164cbd1e324095399
ERR3014712,paired,ftp,ftp.sra.ebi.ac.uk/vol1/fastq/ERR301/002/ERR3014712/ERR3014712_1.fastq.gz,ftp.sra.ebi.ac.uk/vol1/fastq/ERR301/002/ERR3014712/ERR3014712_2.fastq.gz,5df28114c011d3c16f99a4251e971119,edfd5febb96750c60af44dd1ae50387e
ERR3014713,paired,ftp,ftp.sra.ebi.ac.uk/vol1/fastq/ERR301/003/ERR3014713/ERR3014713_1.fastq.gz,ftp.sra.ebi.ac.uk/vol1/fastq/ERR301/003/ERR3014713/ERR3014713_2.fastq.gz,ff13c51a2ffe85b8d873db1c04dd91ec,6e6f729f2c0b84f20a26be9b12b1e14d
ERR3014714,paired,ftp,ftp.sra.ebi.ac.uk/vol1/fastq/ERR301/004/ERR3014714/ERR3014714_1.fastq.gz,ftp.sra.ebi.ac.uk/vol1/fastq/ERR301/004/ERR3014714/ERR3014714_2.fastq.gz,81e0799f2b82cc40dbde51a26462dc40,71b30caf621ac3af5d05929ae00dded8
ERR3380213,single,ftp,ftp.sra.ebi.ac.uk/vol1/fastq/ERR338/003/ERR3380213/ERR3380213.fastq.gz,,d01168a5ae693c32ab504db8597fd385,
ERR3380214,single,ftp,ftp.sra.ebi.ac.uk/vol1/fastq/ERR338/004/ERR3380214/ERR3380214.fastq.gz,,13003b3b064625a95a65b50d5f8044d1,
ERR3380215,single,ftp,ftp.sra.ebi.ac.uk/vol1/fastq/ERR338/005/ERR3380215/ERR3380215.fastq.gz,,bb7074f4f7474ef6dff56fdfceec97f4,
ERR3380216,single,ftp,ftp.sra.ebi.ac.uk/vol1/fastq/ERR338/006/ERR3380216/ERR3380216.fastq.gz,,765123e1b0f76cf3ffd2b6af8f4ededf,
ERR3380217,single,ftp,ftp.sra.ebi.ac.uk/vol1/fastq/ERR338/007/ERR3380217/ERR3380217.fastq.gz,,2cbe26cce56705833577c07b2daf115f,
ERR3380219,single,ftp,ftp.sra.ebi.ac.uk/vol1/fastq/ERR338/009/ERR3380219/ERR3380219.fastq.gz,,1c28308e9128c7bfa9643f43d36b4457,
ERR3380220,single,ftp,ftp.sra.ebi.ac.uk/vol1/fastq/ERR338/000/ERR3380220/ERR3380220.fastq.gz,,af4089d84efdaa6633cc908dfc771a55,
ERR3380229,single,ftp,ftp.sra.ebi.ac.uk/vol1/fastq/ERR338/009/ERR3380229/ERR3380229.fastq.gz,,7ef37785631954956df7f59d6ea95290,
ERR3380230,single,ftp,ftp.sra.ebi.ac.uk/vol1/fastq/ERR338/000/ERR3380230/ERR3380230.fastq.gz,,7b548f0044d3bd0ec375dfd1cc011d70,
ERR3380231,single,ftp,ftp.sra.ebi.ac.uk/vol1/fastq/ERR338/001/ERR3380231/ERR3380231.fastq.gz,,243ac20d0c95e0d8eb2c09e4bcb9fff2,
ERR3380232,single,ftp,ftp.sra.ebi.ac.uk/vol1/fastq/ERR338/002/ERR3380232/ERR3380232.fastq.gz,,c9ea1dd37f6c23bec489b0a4216c6fc3,
ERR3380233,single,ftp,ftp.sra.ebi.ac.uk/vol1/fastq/ERR338/003/ERR3380233/ERR3380233.fastq.gz,,4815ee6c885586122d25b54d16733181,
ERR3380234,single,ftp,ftp.sra.ebi.ac.uk/vol1/fastq/ERR338/004/ERR3380234/ERR3380234.fastq.gz,,3762f902309be1edc022bd876732e608,
ERR3380235,single,ftp,ftp.sra.ebi.ac.uk/vol1/fastq/ERR338/005/ERR3380235/ERR3380235.fastq.gz,,a4a13fba7b2a806c304b57c349d030eb,
ERR3380236,single,ftp,ftp.sra.ebi.ac.uk/vol1/fastq/ERR338/006/ERR3380236/ERR3380236.fastq.gz,,5c9f2ffd702aca87bc89a26d9c15df21,
ERR3383643,paired,ftp,ftp.sra.ebi.ac.uk/vol1/fastq/ERR338/003/ERR3383643/ERR3383643_1.fastq.gz,ftp.sra.ebi.ac.uk/vol1/fastq/ERR338/003/ERR3383643/ERR3383643_2.fastq.gz,6aeacd359b520418dc2fb794b9ba672f,8429c1e60a59390bde0f94d8a244b38d
ERR3383644,paired,ftp,ftp.sra.ebi.ac.uk/vol1/fastq/ERR338/004/ERR3383644/ERR3383644_1.fastq.gz,ftp.sra.ebi.ac.uk/vol1/fastq/ERR338/004/ERR3383644/ERR3383644_2.fastq.gz,a92e49f0619e7db758c59c2ec55857e2,d90ebf1db32dc280c77d42ee576583fd
ERR3383645,paired,ftp,ftp.sra.ebi.ac.uk/vol1/fastq/ERR338/005/ERR3383645/ERR3383645_1.fastq.gz,ftp.sra.ebi.ac.uk/vol1/fastq/ERR338/005/ERR3383645/ERR3383645_2.fastq.gz,5631340cbc38bf22779ec903f932c083,d3756a63cdbdc22de77a275d4e0364fc
ERR3383646,paired,ftp,ftp.sra.ebi.ac.uk/vol1/fastq/ERR338/006/ERR3383646/ERR3383646_1.fastq.gz,ftp.sra.ebi.ac.uk/vol1/fastq/ERR338/006/ERR3383646/ERR3383646_2.fastq.gz,da7960bf3046559333d6f55112701a9d,82585f6aa3641c2215b467f7596cb6a0
ERR3447771,paired,ftp,ftp.sra.ebi.ac.uk/vol1/fastq/ERR344/001/ERR3447771/ERR3447771_1.fastq.gz,ftp.sra.ebi.ac.uk/vol1/fastq/ERR344/001/ERR3447771/ERR3447771_2.fastq.gz,33c87fee7547bb37b0239d26b0c74b20,48eb208bc11849138a3768cc446fae71
ERR3447772,paired,ftp,ftp.sra.ebi.ac.uk/vol1/fastq/ERR344/002/ERR3447772/ERR3447772_1.fastq.gz,ftp.sra.ebi.ac.uk/vol1/fastq/ERR344/002/ERR3447772/ERR3447772_2.fastq.gz,81e42f7bf1265e38a4cb038a8d5e2976,30bab170486f391f0535cf7e46a3467b
ERR3447773,paired,ftp,ftp.sra.ebi.ac.uk/vol1/fastq/ERR344/003/ERR3447773/ERR3447773_1.fastq.gz,ftp.sra.ebi.ac.uk/vol1/fastq/ERR344/003/ERR3447773/ERR3447773_2.fastq.gz,b1c02527c7d5c1cd19ee517dde5d8299,1c5d3973dd7cc8ae53ed6e554e520226
ERR3447774,paired,ftp,ftp.sra.ebi.ac.uk/vol1/fastq/ERR344/004/ERR3447774/ERR3447774_1.fastq.gz,ftp.sra.ebi.ac.uk/vol1/fastq/ERR344/004/ERR3447774/ERR3447774_2.fastq.gz,c362638d3548ff7d9e841dd5a9816969,95a2a085ed9c9d1f6d4a4d1fa312df58
ERR3447775,paired,ftp,ftp.sra.ebi.ac.uk/vol1/fastq/ERR344/005/ERR3447775/ERR3447775_1.fastq.gz,ftp.sra.ebi.ac.uk/vol1/fastq/ERR344/005/ERR3447775/ERR3447775_2.fastq.gz,d3fae708a6811ce0dda3d206d8ff62d8,2ed50a1dbb9e22f0dab98ee46a5dcbbe
ERR3447776,paired,ftp,ftp.sra.ebi.ac.uk/vol1/fastq/ERR344/006/ERR3447776/ERR3447776_1.fastq.gz,ftp.sra.ebi.ac.uk/vol1/fastq/ERR344/006/ERR3447776/ERR3447776_2.fastq.gz,777c2fd474908f8d955cba0ab878825a,2d9a673603ef9996ffd627c9181adb48
ERR3447777,paired,ftp,ftp.sra.ebi.ac.uk/vol1/fastq/ERR344/007/ERR3447777/ERR3447777_1.fastq.gz,ftp.sra.ebi.ac.uk/vol1/fastq/ERR344/007/ERR3447777/ERR3447777_2.fastq.gz,5d62968604f94234e541fb039ee93362,a82ff0e83c3209c73ab010f2abd90b3f
ERR3447778,paired,ftp,ftp.sra.ebi.ac.uk/vol1/fastq/ERR344/008/ERR3447778/ERR3447778_1.fastq.gz,ftp.sra.ebi.ac.uk/vol1/fastq/ERR344/008/ERR3447778/ERR3447778_2.fastq.gz,b6096c71df69a028708d211a7e58150f,08dafc0fde018d225d95a8a7e53eff13
ERR3447779,paired,ftp,ftp.sra.ebi.ac.uk/vol1/fastq/ERR344/009/ERR3447779/ERR3447779_1.fastq.gz,ftp.sra.ebi.ac.uk/vol1/fastq/ERR344/009/ERR3447779/ERR3447779_2.fastq.gz,f9ae17a724214f8ad5f10d25da876ad9,43174b8976e6af7f399e3d0c423213e6
ERR3447780,paired,ftp,ftp.sra.ebi.ac.uk/vol1/fastq/ERR344/000/ERR3447780/ERR3447780_1.fastq.gz,ftp.sra.ebi.ac.uk/vol1/fastq/ERR344/000/ERR3447780/ERR3447780_2.fastq.gz,c978426a1bec06ebc0b6f94bbac7ded5,97dd19fb68a51ad24382f42f16c17fd1
ERR3447781,paired,ftp,ftp.sra.ebi.ac.uk/vol1/fastq/ERR344/001/ERR3447781/ERR3447781_1.fastq.gz,ftp.sra.ebi.ac.uk/vol1/fastq/ERR344/001/ERR3447781/ERR3447781_2.fastq.gz,7c8ea1668fae7bbb32db34368bbbb126,513288f2775e5f738e4790de315f4947
ERR3447782,paired,ftp,ftp.sra.ebi.ac.uk/vol1/fastq/ERR344/002/ERR3447782/ERR3447782_1.fastq.gz,ftp.sra.ebi.ac.uk/vol1/fastq/ERR344/002/ERR3447782/ERR3447782_2.fastq.gz,f0172d243c1612c48977733b64f30301,8e270919ef7453cb079d26140df6de13
ERR3447783,paired,ftp,ftp.sra.ebi.ac.uk/vol1/fastq/ERR344/003/ERR3447783/ERR3447783_1.fastq.gz,ftp.sra.ebi.ac.uk/vol1/fastq/ERR344/003/ERR3447783/ERR3447783_2.fastq.gz,1bfb24bf9605cb6896d802bb5f308eb3,200ee9f1ddbf54ed5720f83f378bcaa0
ERR3447784,paired,ftp,ftp.sra.ebi.ac.uk/vol1/fastq/ERR344/004/ERR3447784/ERR3447784_1.fastq.gz,ftp.sra.ebi.ac.uk/vol1/fastq/ERR344/004/ERR3447784/ERR3447784_2.fastq.gz,22a1f17caa770545e0e614d581518621,f3fd85a7d6ef4f56c9ce3f640ece318b
ERR3447785,paired,ftp,ftp.sra.ebi.ac.uk/vol1/fastq/ERR344/005/ERR3447785/ERR3447785_1.fastq.gz,ftp.sra.ebi.ac.uk/vol1/fastq/ERR344/005/ERR3447785/ERR3447785_2.fastq.gz,93966cb179a3ee359028e53a1269a4e1,395c0b7dbaef56a9883c67ad21805571
ERR3447786,paired,ftp,ftp.sra.ebi.ac.uk/vol1/fastq/ERR344/006/ERR3447786/ERR3447786_1.fastq.gz,ftp.sra.ebi.ac.uk/vol1/fastq/ERR344/006/ERR3447786/ERR3447786_2.fastq.gz,b77e4a4728bc7f70e33f690b757d80f7,05a3a0cf278eae81e3cbcebdee9e9a15
ERR3447787,paired,ftp,ftp.sra.ebi.ac.uk/vol1/fastq/ERR344/007/ERR3447787/ERR3447787_1.fastq.gz,ftp.sra.ebi.ac.uk/vol1/fastq/ERR344/007/ERR3447787/ERR3447787_2.fastq.gz,080705cdcde9a8b017b38975c945ef4f,5b8e92499f76e8a9fb0e8fd651cb9b12
ERR3447788,paired,ftp,ftp.sra.ebi.ac.uk/vol1/fastq/ERR344/008/ERR3447788/ERR3447788_1.fastq.gz,ftp.sra.ebi.ac.uk/vol1/fastq/ERR344/008/ERR3447788/ERR3447788_2.fastq.gz,f91e7ab7f4f7b69836590c2c7e3f6d98,c3b370353d1d0aa0e4838986b484e50b
ERR3447789,paired,ftp,ftp.sra.ebi.ac.uk/vol1/fastq/ERR344/009/ERR3447789/ERR3447789_1.fastq.gz,ftp.sra.ebi.ac.uk/vol1/fastq/ERR344/009/ERR3447789/ERR3447789_2.fastq.gz,1f52f61d82d68db4ec2d082c2a0c2051,22f00d4511ce241d158dcea3c1b1bae9
ERR3447790,paired,ftp,ftp.sra.ebi.ac.uk/vol1/fastq/ERR344/000/ERR3447790/ERR3447790_1.fastq.gz,ftp.sra.ebi.ac.uk/vol1/fastq/ERR344/000/ERR3447790/ERR3447790_2.fastq.gz,7e6fd9c89bd38215baf295e06a5dbc22,ec7105958723a75eae244234f7b1bbe6
ERR3447791,paired,ftp,ftp.sra.ebi.ac.uk/vol1/fastq/ERR344/001/ERR3447791/ERR3447791_1.fastq.gz,ftp.sra.ebi.ac.uk/vol1/fastq/ERR344/001/ERR3447791/ERR3447791_2.fastq.gz,67edfb43f6290c9f215a4686bb09f79f,28626da23bf000057a0cb0a767f8d8fa
ERR3447792,paired,ftp,ftp.sra.ebi.ac.uk/vol1/fastq/ERR344/002/ERR3447792/ERR3447792_1.fastq.gz,ftp.sra.ebi.ac.uk/vol1/fastq/ERR344/002/ERR3447792/ERR3447792_2.fastq.gz,1af15c08a51439289517c8c9fc2865c2,ceec5327a0516a12ff04b65e041e7f91
ERR3447793,paired,ftp,ftp.sra.ebi.ac.uk/vol1/fastq/ERR344/003/ERR3447793/ERR3447793_1.fastq.gz,ftp.sra.ebi.ac.uk/vol1/fastq/ERR344/003/ERR3447793/ERR3447793_2.fastq.gz,43ea1073d37a630b8bde944b1e7698d8,98e3599ea12f74e8ff931d98bd77d700
ERR3447794,paired,ftp,ftp.sra.ebi.ac.uk/vol1/fastq/ERR344/004/ERR3447794/ERR3447794_1.fastq.gz,ftp.sra.ebi.ac.uk/vol1/fastq/ERR344/004/ERR3447794/ERR3447794_2.fastq.gz,008b551cb16c2fd15bbbd01cfd8b4567,ed2d57bc0985fd1e8b1cac6eabc1f89f
ERR3447795,paired,ftp,ftp.sra.ebi.ac.uk/vol1/fastq/ERR344/005/ERR3447795/ERR3447795_1.fastq.gz,ftp.sra.ebi.ac.uk/vol1/fastq/ERR344/005/ERR3447795/ERR3447795_2.fastq.gz,dd6feee7c4e2f591b431913f14332018,d1551b915f90e995dd00c9532e4f5a98
ERR3447796,paired,ftp,ftp.sra.ebi.ac.uk/vol1/fastq/ERR344/006/ERR3447796/ERR3447796_1.fastq.gz,ftp.sra.ebi.ac.uk/vol1/fastq/ERR344/006/ERR3447796/ERR3447796_2.fastq.gz,15f4b861934fe231c287638684fa66e8,dc4e3e742ebe1b4eb26083a49b7d0056
ERR3447797,paired,ftp,ftp.sra.ebi.ac.uk/vol1/fastq/ERR344/007/ERR3447797/ERR3447797_1.fastq.gz,ftp.sra.ebi.ac.uk/vol1/fastq/ERR344/007/ERR3447797/ERR3447797_2.fastq.gz,117bdc69c55a1acc5eb595e69e1a6bdd,a6bc42bcf10fd0938e36d409a9efe1cb
ERR3447798,paired,ftp,ftp.sra.ebi.ac.uk/vol1/fastq/ERR344/008/ERR3447798/ERR3447798_1.fastq.gz,ftp.sra.ebi.ac.uk/vol1/fastq/ERR344/008/ERR3447798/ERR3447798_2.fastq.gz,fae62b5d8f3cd3164477f3392865ff76,438dd066e8eec15dfea21e62b57fcb95
ERR3447799,paired,ftp,ftp.sra.ebi.ac.uk/vol1/fastq/ERR344/009/ERR3447799/ERR3447799_1.fastq.gz,ftp.sra.ebi.ac.uk/vol1/fastq/ERR344/009/ERR3447799/ERR3447799_2.fastq.gz,b8daa6656eba926d71a98d7731c0bf8c,c3a2b4d3309301a6dc7721872b89fdaa
ERR3447800,paired,ftp,ftp.sra.ebi.ac.uk/vol1/fastq/ERR344/000/ERR3447800/ERR3447800_1.fastq.gz,ftp.sra.ebi.ac.uk/vol1/fastq/ERR344/000/ERR3447800/ERR3447800_2.fastq.gz,79b778196c1bd1e3375b68ea5131812b,8ad35ca0f340eb956940541d9a259a45
ERR3447801,paired,ftp,ftp.sra.ebi.ac.uk/vol1/fastq/ERR344/001/ERR3447801/ERR3447801_1.fastq.gz,ftp.sra.ebi.ac.uk/vol1/fastq/ERR344/001/ERR3447801/ERR3447801_2.fastq.gz,29bd9071c00644cd1a29422d3e5c7aaa,8e3fcfd259fc07ffea43e853a6f31b1c
ERR3447802,paired,ftp,ftp.sra.ebi.ac.uk/vol1/fastq/ERR344/002/ERR3447802/ERR3447802_1.fastq.gz,ftp.sra.ebi.ac.uk/vol1/fastq/ERR344/002/ERR3447802/ERR3447802_2.fastq.gz,9b68cbdd9389bd651e33c8e3818b8143,0c56051481095f7ea0cd1e1fa84644e9
ERR3447803,paired,ftp,ftp.sra.ebi.ac.uk/vol1/fastq/ERR344/003/ERR3447803/ERR3447803_1.fastq.gz,ftp.sra.ebi.ac.uk/vol1/fastq/ERR344/003/ERR3447803/ERR3447803_2.fastq.gz,88b31132db0384e44f93fc1eba7bc51e,4514e07ac50414eed70683b6197f89e5
ERR3447804,paired,ftp,ftp.sra.ebi.ac.uk/vol1/fastq/ERR344/004/ERR3447804/ERR3447804_1.fastq.gz,ftp.sra.ebi.ac.uk/vol1/fastq/ERR344/004/ERR3447804/ERR3447804_2.fastq.gz,a4968af2cac2c3b728bc18fddfc559b7,d45b82680a843fa25cb779cd501f7643
ERR3447805,paired,ftp,ftp.sra.ebi.ac.uk/vol1/fastq/ERR344/005/ERR3447805/ERR3447805_1.fastq.gz,ftp.sra.ebi.ac.uk/vol1/fastq/ERR344/005/ERR3447805/ERR3447805_2.fastq.gz,a7372110ba65e26d1b05bef6b0e3d367,99fbf5e8195fbad52393647c038fa7fc
ERR3447806,paired,ftp,ftp.sra.ebi.ac.uk/vol1/fastq/ERR344/006/ERR3447806/ERR3447806_1.fastq.gz,ftp.sra.ebi.ac.uk/vol1/fastq/ERR344/006/ERR3447806/ERR3447806_2.fastq.gz,d5e0fa223dbeef5c8a32bd0c9512fabc,24c347827470510e41834c39f5705a7d
ERR3447807,paired,ftp,ftp.sra.ebi.ac.uk/vol1/fastq/ERR344/007/ERR3447807/ERR3447807_1.fastq.gz,ftp.sra.ebi.ac.uk/vol1/fastq/ERR344/007/ERR3447807/ERR3447807_2.fastq.gz,15122f13c1cf15e7199cd5fc0bc869d5,9fbe7655b273b0d3f4382fe38253005c
ERR3447808,paired,ftp,ftp.sra.ebi.ac.uk/vol1/fastq/ERR344/008/ERR3447808/ERR3447808_1.fastq.gz,ftp.sra.ebi.ac.uk/vol1/fastq/ERR344/008/ERR3447808/ERR3447808_2.fastq.gz,5d1128fee36b3682e34fe6f5294e05aa,036fe2f660009e9b6f03699982f91f2b
ERR3447809,paired,ftp,ftp.sra.ebi.ac.uk/vol1/fastq/ERR344/009/ERR3447809/ERR3447809_1.fastq.gz,ftp.sra.ebi.ac.uk/vol1/fastq/ERR344/009/ERR3447809/ERR3447809_2.fastq.gz,ed674b28b8619b1345e2c3e37f9f53ea,a3feff246ffd3df152afea8f6959edb0
ERR3447810,paired,ftp,ftp.sra.ebi.ac.uk/vol1/fastq/ERR344/000/ERR3447810/ERR3447810_1.fastq.gz,ftp.sra.ebi.ac.uk/vol1/fastq/ERR344/000/ERR3447810/ERR3447810_2.fastq.gz,343113c46f27f2780e84d00fa18aab28,4bd83603968b6651c4292461d1f04700
ERR3447811,paired,ftp,ftp.sra.ebi.ac.uk/vol1/fastq/ERR344/001/ERR3447811/ERR3447811_1.fastq.gz,ftp.sra.ebi.ac.uk/vol1/fastq/ERR344/001/ERR3447811/ERR3447811_2.fastq.gz,68c0c4c34ac8ef1f6a5149c9e00290b4,d6b45fe30872dfa749e893028e06e5c4
ERR3447812,paired,ftp,ftp.sra.ebi.ac.uk/vol1/fastq/ERR344/002/ERR3447812/ERR3447812_1.fastq.gz,ftp.sra.ebi.ac.uk/vol1/fastq/ERR344/002/ERR3447812/ERR3447812_2.fastq.gz,be4ee78f1b15e55c70c22165ee0caf13,3a2ed9c22f1a379a013ed1a255912882
ERR3447813,paired,ftp,ftp.sra.ebi.ac.uk/vol1/fastq/ERR344/003/ERR3447813/ERR3447813_1.fastq.gz,ftp.sra.ebi.ac.uk/vol1/fastq/ERR344/003/ERR3447813/ERR3447813_2.fastq.gz,a01f25c68eeba402ffdbb6234b30bb88,920fb4d6d7a5d0ca38715cc3b4728e8e
ERR3447814,paired,ftp,ftp.sra.ebi.ac.uk/vol1/fastq/ERR344/004/ERR3447814/ERR3447814_1.fastq.gz,ftp.sra.ebi.ac.uk/vol1/fastq/ERR344/004/ERR3447814/ERR3447814_2.fastq.gz,2da0077f5aaab3d7500af23d267846b0,8e4b6552be61d9412075011088a9c96e
ERR3447815,paired,ftp,ftp.sra.ebi.ac.uk/vol1/fastq/ERR344/005/ERR3447815/ERR3447815_1.fastq.gz,ftp.sra.ebi.ac.uk/vol1/fastq/ERR344/005/ERR3447815/ERR3447815_2.fastq.gz,b2af93d62b6ce320bbc508d571887cae,5de3004b5b0f04d9c73eb66e0ac1f43e
ERR3447816,paired,ftp,ftp.sra.ebi.ac.uk/vol1/fastq/ERR344/006/ERR3447816/ERR3447816_1.fastq.gz,ftp.sra.ebi.ac.uk/vol1/fastq/ERR344/006/ERR3447816/ERR3447816_2.fastq.gz,228865b30bad5c9e0fc738b4172c94ce,1ebc817df97f2baf87cee91dc9d90ab2
ERR3447817,paired,ftp,ftp.sra.ebi.ac.uk/vol1/fastq/ERR344/007/ERR3447817/ERR3447817_1.fastq.gz,ftp.sra.ebi.ac.uk/vol1/fastq/ERR344/007/ERR3447817/ERR3447817_2.fastq.gz,fccf6c293a90c39724fa3683a7bb07af,561e71d795774ee55d325dc4ab4f404c
ERR3447818,paired,ftp,ftp.sra.ebi.ac.uk/vol1/fastq/ERR344/008/ERR3447818/ERR3447818_1.fastq.gz,ftp.sra.ebi.ac.uk/vol1/fastq/ERR344/008/ERR3447818/ERR3447818_2.fastq.gz,23c992c8ce1b5b0d178592e97e4babd1,a4ae7a2bd0b081271f7ec53da3c524fa
ERR3447819,paired,ftp,ftp.sra.ebi.ac.uk/vol1/fastq/ERR344/009/ERR3447819/ERR3447819_1.fastq.gz,ftp.sra.ebi.ac.uk/vol1/fastq/ERR344/009/ERR3447819/ERR3447819_2.fastq.gz,29cb70f11b27c49bc180fda0dd44944e,f7d5296eea855fd233e1ffc57f482900
ERR3447820,paired,ftp,ftp.sra.ebi.ac.uk/vol1/fastq/ERR344/000/ERR3447820/ERR3447820_1.fastq.gz,ftp.sra.ebi.ac.uk/vol1/fastq/ERR344/000/ERR3447820/ERR3447820_2.fastq.gz,768bf739f81c7bc1d5aa87a367b6e9b8,d191468436f2e9a7a5ea517af29a6d5b
ERR3447821,paired,ftp,ftp.sra.ebi.ac.uk/vol1/fastq/ERR344/001/ERR3447821/ERR3447821_1.fastq.gz,ftp.sra.ebi.ac.uk/vol1/fastq/ERR344/001/ERR3447821/ERR3447821_2.fastq.gz,c8a206f5c9c3652112b8ddc2478659ed,7cc04dbdd85c743ad2d659cdb93233c9
ERR3447822,paired,ftp,ftp.sra.ebi.ac.uk/vol1/fastq/ERR344/002/ERR3447822/ERR3447822_1.fastq.gz,ftp.sra.ebi.ac.uk/vol1/fastq/ERR344/002/ERR3447822/ERR3447822_2.fastq.gz,e2403930fe60a434d19cfafe1b4ed786,4bf37d1a2476cbab592fd9eca6170f64
ERR3447823,paired,ftp,ftp.sra.ebi.ac.uk/vol1/fastq/ERR344/003/ERR3447823/ERR3447823_1.fastq.gz,ftp.sra.ebi.ac.uk/vol1/fastq/ERR344/003/ERR3447823/ERR3447823_2.fastq.gz,5addca681f68cac004b8b4f4e4cc5a37,19e949a0d9699be2011837f1bbcc18e2
ERR3447824,paired,ftp,ftp.sra.ebi.ac.uk/vol1/fastq/ERR344/004/ERR3447824/ERR3447824_1.fastq.gz,ftp.sra.ebi.ac.uk/vol1/fastq/ERR344/004/ERR3447824/ERR3447824_2.fastq.gz,92b2a84622dc1bb4e35b7a43ca9405b4,e84c4015144f2964230e0974714e6091
ERR3447825,paired,ftp,ftp.sra.ebi.ac.uk/vol1/fastq/ERR344/005/ERR3447825/ERR3447825_1.fastq.gz,ftp.sra.ebi.ac.uk/vol1/fastq/ERR344/005/ERR3447825/ERR3447825_2.fastq.gz,1479a1600189a45d816e5b3111ef75e5,53ba65c44d335bb596cadaaf555efad1
ERR3447826,paired,ftp,ftp.sra.ebi.ac.uk/vol1/fastq/ERR344/006/ERR3447826/ERR3447826_1.fastq.gz,ftp.sra.ebi.ac.uk/vol1/fastq/ERR344/006/ERR3447826/ERR3447826_2.fastq.gz,2d8f2d8b3ded302b6b20052c7054d58a,92af60f05b0d29d669333fc85dfb058d
ERR3447827,paired,ftp,ftp.sra.ebi.ac.uk/vol1/fastq/ERR344/007/ERR3447827/ERR3447827_1.fastq.gz,ftp.sra.ebi.ac.uk/vol1/fastq/ERR344/007/ERR3447827/ERR3447827_2.fastq.gz,1632cd39967cd5368deaaec0508e51ae,8374e5fd2ad60c4940fc1f9281dbfe4d
ERR3447828,paired,ftp,ftp.sra.ebi.ac.uk/vol1/fastq/ERR344/008/ERR3447828/ERR3447828_1.fastq.gz,ftp.sra.ebi.ac.uk/vol1/fastq/ERR344/008/ERR3447828/ERR3447828_2.fastq.gz,7a196e2f9cb5263f4ee411f893f2fb3e,dff84d7a56793eee242d7ef754f90faa
ERR3447829,paired,ftp,ftp.sra.ebi.ac.uk/vol1/fastq/ERR344/009/ERR3447829/ERR3447829_1.fastq.gz,ftp.sra.ebi.ac.uk/vol1/fastq/ERR344/009/ERR3447829/ERR3447829_2.fastq.gz,8d7bfbe0c1558b227542eb4bbabab2e1,f247aa76eebd38e5543b722aab0ed7b8
ERR3447830,paired,ftp,ftp.sra.ebi.ac.uk/vol1/fastq/ERR344/000/ERR3447830/ERR3447830_1.fastq.gz,ftp.sra.ebi.ac.uk/vol1/fastq/ERR344/000/ERR3447830/ERR3447830_2.fastq.gz,db98eaefdc9735da24ac230b62c32ce5,9cb076ef37c5e858c7504d95d7718432
ERR3447831,paired,ftp,ftp.sra.ebi.ac.uk/vol1/fastq/ERR344/001/ERR3447831/ERR3447831_1.fastq.gz,ftp.sra.ebi.ac.uk/vol1/fastq/ERR344/001/ERR3447831/ERR3447831_2.fastq.gz,c9dfeb79ee81290ce6c864739a9ea6b4,1011c7192e69197be60b05cac9abb025
ERR3447832,paired,ftp,ftp.sra.ebi.ac.uk/vol1/fastq/ERR344/002/ERR3447832/ERR3447832_1.fastq.gz,ftp.sra.ebi.ac.uk/vol1/fastq/ERR344/002/ERR3447832/ERR3447832_2.fastq.gz,b8baab275491a7b74f86821d97039aed,7c7bb91f510078b809d7cf312772ee1c
ERR3447833,paired,ftp,ftp.sra.ebi.ac.uk/vol1/fastq/ERR344/003/ERR3447833/ERR3447833_1.fastq.gz,ftp.sra.ebi.ac.uk/vol1/fastq/ERR344/003/ERR3447833/ERR3447833_2.fastq.gz,a4c52099b93668631748b6578fa8df05,82905b571df79a63b2552414638632da
ERR3447834,paired,ftp,ftp.sra.ebi.ac.uk/vol1/fastq/ERR344/004/ERR3447834/ERR3447834_1.fastq.gz,ftp.sra.ebi.ac.uk/vol1/fastq/ERR344/004/ERR3447834/ERR3447834_2.fastq.gz,453b08e2e02d9997835427147a613f93,d0bc0c4406a428c4265544c6748d76f0
ERR3447835,paired,ftp,ftp.sra.ebi.ac.uk/vol1/fastq/ERR344/005/ERR3447835/ERR3447835_1.fastq.gz,ftp.sra.ebi.ac.uk/vol1/fastq/ERR344/005/ERR3447835/ERR3447835_2.fastq.gz,38824ae7abf9a2282bbfde8355967419,f04ada41f2c28eac89d2c50c9e70f0ff
ERR3447836,paired,ftp,ftp.sra.ebi.ac.uk/vol1/fastq/ERR344/006/ERR3447836/ERR3447836_1.fastq.gz,ftp.sra.ebi.ac.uk/vol1/fastq/ERR344/006/ERR3447836/ERR3447836_2.fastq.gz,d93cd07797c1c4056bc7b3562a438bb3,44d7f605783a2045f0ab321c898ba95d
ERR3447837,paired,ftp,ftp.sra.ebi.ac.uk/vol1/fastq/ERR344/007/ERR3447837/ERR3447837_1.fastq.gz,ftp.sra.ebi.ac.uk/vol1/fastq/ERR344/007/ERR3447837/ERR3447837_2.fastq.gz,a3a27200a35266d2458ab0fe83cd4ea4,a4f998cc1dc5c77e3f462b7dde257920
ERR3447838,paired,ftp,ftp.sra.ebi.ac.uk/vol1/fastq/ERR344/008/ERR3447838/ERR3447838_1.fastq.gz,ftp.sra.ebi.ac.uk/vol1/fastq/ERR344/008/ERR3447838/ERR3447838_2.fastq.gz,03b14e4fbb304383930f5ecc11e05110,b03c8c12d9a14aeea5947eff4f1b966c
ERR3447839,paired,ftp,ftp.sra.ebi.ac.uk/vol1/fastq/ERR344/009/ERR3447839/ERR3447839_1.fastq.gz,ftp.sra.ebi.ac.uk/vol1/fastq/ERR344/009/ERR3447839/ERR3447839_2.fastq.gz,3c927fe8af3117c0a0fc2bac00e47245,88686fdc53f95d45d6a560ad3ca400d1
ERR3447840,paired,ftp,ftp.sra.ebi.ac.uk/vol1/fastq/ERR344/000/ERR3447840/ERR3447840_1.fastq.gz,ftp.sra.ebi.ac.uk/vol1/fastq/ERR344/000/ERR3447840/ERR3447840_2.fastq.gz,4c84770d75b02301c69caf1375a1fe70,989fb36de7a26b1b98adb519426789d6
ERR3447841,paired,ftp,ftp.sra.ebi.ac.uk/vol1/fastq/ERR344/001/ERR3447841/ERR3447841_1.fastq.gz,ftp.sra.ebi.ac.uk/vol1/fastq/ERR344/001/ERR3447841/ERR3447841_2.fastq.gz,aa8f398942f9457f9b9c4716c0f8a739,da81d87b02ace955e090fe0dae53fa62
ERR3447842,paired,ftp,ftp.sra.ebi.ac.uk/vol1/fastq/ERR344/002/ERR3447842/ERR3447842_1.fastq.gz,ftp.sra.ebi.ac.uk/vol1/fastq/ERR344/002/ERR3447842/ERR3447842_2.fastq.gz,def63010310e6d08c34d2b0c76f3b7c3,86e1aaf87041d1297036e1122e69e28f
ERR3447843,paired,ftp,ftp.sra.ebi.ac.uk/vol1/fastq/ERR344/003/ERR3447843/ERR3447843_1.fastq.gz,ftp.sra.ebi.ac.uk/vol1/fastq/ERR344/003/ERR3447843/ERR3447843_2.fastq.gz,339e952b27959248b82efe5368e980fb,8fb6e86aaa9dbab8c9b6a30c81ef5267
ERR3447844,paired,ftp,ftp.sra.ebi.ac.uk/vol1/fastq/ERR344/004/ERR3447844/ERR3447844_1.fastq.gz,ftp.sra.ebi.ac.uk/vol1/fastq/ERR344/004/ERR3447844/ERR3447844_2.fastq.gz,c1e52b0e443685e27f49806961d65d1b,d61354e2c912543b5f9bd4bb6c41d9be
ERR3447845,paired,ftp,ftp.sra.ebi.ac.uk/vol1/fastq/ERR344/005/ERR3447845/ERR3447845_1.fastq.gz,ftp.sra.ebi.ac.uk/vol1/fastq/ERR344/005/ERR3447845/ERR3447845_2.fastq.gz,1df94849e47f7627571ed1aa7999d8af,21eb24c6ea52e07020897558353ee50f
ERR3447846,paired,ftp,ftp.sra.ebi.ac.uk/vol1/fastq/ERR344/006/ERR3447846/ERR3447846_1.fastq.gz,ftp.sra.ebi.ac.uk/vol1/fastq/ERR344/006/ERR3447846/ERR3447846_2.fastq.gz,b00ccc9462b429339ab7a10ca7ed49b2,056387c88e719a87ff9ab4c1b1f38f25
ERR3447847,paired,ftp,ftp.sra.ebi.ac.uk/vol1/fastq/ERR344/007/ERR3447847/ERR3447847_1.fastq.gz,ftp.sra.ebi.ac.uk/vol1/fastq/ERR344/007/ERR3447847/ERR3447847_2.fastq.gz,cfbfe546e58c6c93404fb358c07cc2f1,c2ca25c8a006c061cae309a3e2e09bf9
ERR3447848,paired,ftp,ftp.sra.ebi.ac.uk/vol1/fastq/ERR344/008/ERR3447848/ERR3447848_1.fastq.gz,ftp.sra.ebi.ac.uk/vol1/fastq/ERR344/008/ERR3447848/ERR3447848_2.fastq.gz,898f6abb23a345095e1b98b9dfcabdaf,b0d2d0fe94bc50ce28190d603619b038
ERR3447849,paired,ftp,ftp.sra.ebi.ac.uk/vol1/fastq/ERR344/009/ERR3447849/ERR3447849_1.fastq.gz,ftp.sra.ebi.ac.uk/vol1/fastq/ERR344/009/ERR3447849/ERR3447849_2.fastq.gz,f40ad981b4a2093c0fef46cc020d7556,c5ee6e8b15964409a814bf2d101287e8
ERR3447850,paired,ftp,ftp.sra.ebi.ac.uk/vol1/fastq/ERR344/000/ERR3447850/ERR3447850_1.fastq.gz,ftp.sra.ebi.ac.uk/vol1/fastq/ERR344/000/ERR3447850/ERR3447850_2.fastq.gz,a85e26abd8d2df62e8b57bc6335824c2,e420492729f85241513377c6df86551f
ERR3447851,paired,ftp,ftp.sra.ebi.ac.uk/vol1/fastq/ERR344/001/ERR3447851/ERR3447851_1.fastq.gz,ftp.sra.ebi.ac.uk/vol1/fastq/ERR344/001/ERR3447851/ERR3447851_2.fastq.gz,70a7ad4b7d879532507cec1dcc7bff13,76739951135ad33ebaf2e4c35bfce0e7
ERR3447852,paired,ftp,ftp.sra.ebi.ac.uk/vol1/fastq/ERR344/002/ERR3447852/ERR3447852_1.fastq.gz,ftp.sra.ebi.ac.uk/vol1/fastq/ERR344/002/ERR3447852/ERR3447852_2.fastq.gz,1288f996a5218c66b22e4443e73d50bd,f5ba173665261d31531b47b9a037cd4a
ERR3447853,paired,ftp,ftp.sra.ebi.ac.uk/vol1/fastq/ERR344/003/ERR3447853/ERR3447853_1.fastq.gz,ftp.sra.ebi.ac.uk/vol1/fastq/ERR344/003/ERR3447853/ERR3447853_2.fastq.gz,c71bddffdea0a8a634d757e2fb9191fb,8e2b35a6e8f856eb2c281022d2d0c1f6
ERR3447854,paired,ftp,ftp.sra.ebi.ac.uk/vol1/fastq/ERR344/004/ERR3447854/ERR3447854_1.fastq.gz,ftp.sra.ebi.ac.uk/vol1/fastq/ERR344/004/ERR3447854/ERR3447854_2.fastq.gz,10575d39ceffe693ddfad56f96cfcfcc,ce915d6368d21bf205fb35cfe63fac1d
ERR4160684,single,ftp,ftp.sra.ebi.ac.uk/vol1/fastq/ERR416/004/ERR4160684/ERR4160684.fastq.gz,,fc543a6467b6e988b4cf6655efc6f461,
ERR4160685,single,ftp,ftp.sra.ebi.ac.uk/vol1/fastq/ERR416/005/ERR4160685/ERR4160685.fastq.gz,,8821a8444578e884fb1426f3a909a741,
ERR4160686,single,ftp,ftp.sra.ebi.ac.uk/vol1/fastq/ERR416/006/ERR4160686/ERR4160686.fastq.gz,,f3483ab02154652d471b400f9c8da913,
ERR4160687,single,ftp,ftp.sra.ebi.ac.uk/vol1/fastq/ERR416/007/ERR4160687/ERR4160687.fastq.gz,,f3108947005325f50550f16b7ebd55bf,
ERR4704791,single,ftp,ftp.sra.ebi.ac.uk/vol1/fastq/ERR470/001/ERR4704791/ERR4704791.fastq.gz,,d4f4f7a9e20adf07e79f7abcb341d6da,
ERR4704792,single,ftp,ftp.sra.ebi.ac.uk/vol1/fastq/ERR470/002/ERR4704792/ERR4704792.fastq.gz,,5210bf707509ad8d4d0937f8bf67304b,
ERR4704793,single,ftp,ftp.sra.ebi.ac.uk/vol1/fastq/ERR470/003/ERR4704793/ERR4704793.fastq.gz,,521c9c98db879be34c63d9d4392318fb,
ERR4704794,single,ftp,ftp.sra.ebi.ac.uk/vol1/fastq/ERR470/004/ERR4704794/ERR4704794.fastq.gz,,4df25d39dce968a97cd475499738462a,
ERR4704795,single,ftp,ftp.sra.ebi.ac.uk/vol1/fastq/ERR470/005/ERR4704795/ERR4704795.fastq.gz,,cce317318d1a08420b5134a70506f743,
ERR4704796,single,ftp,ftp.sra.ebi.ac.uk/vol1/fastq/ERR470/006/ERR4704796/ERR4704796.fastq.gz,,b0d194d5da6a04246717908c52ff7947,
ERR4846464,single,ftp,ftp.sra.ebi.ac.uk/vol1/fastq/ERR484/004/ERR4846464/ERR4846464.fastq.gz,,f4a8a316501732f656372b87b2318ed8,
ERR4846465,single,ftp,ftp.sra.ebi.ac.uk/vol1/fastq/ERR484/005/ERR4846465/ERR4846465.fastq.gz,,218dcee33c9ee9cfc3b9d3c57f1882b0,
ERR4846466,single,ftp,ftp.sra.ebi.ac.uk/vol1/fastq/ERR484/006/ERR4846466/ERR4846466.fastq.gz,,407378c5d3194bc9a223df4b873d8d59,
ERR4846467,single,ftp,ftp.sra.ebi.ac.uk/vol1/fastq/ERR484/007/ERR4846467/ERR4846467.fastq.gz,,6583d9062893b07d1e61f0af72db9d47,
ERR4846468,single,ftp,ftp.sra.ebi.ac.uk/vol1/fastq/ERR484/008/ERR4846468/ERR4846468.fastq.gz,,5afa9741ddd33d49b60dcecb601a361f,
ERR4846469,single,ftp,ftp.sra.ebi.ac.uk/vol1/fastq/ERR484/009/ERR4846469/ERR4846469.fastq.gz,,657622e8ee5611a9860f7b13cbe1759d,
ERR556937,paired,ftp,ftp.sra.ebi.ac.uk/vol1/fastq/ERR556/ERR556937/ERR556937_1.fastq.gz,ftp.sra.ebi.ac.uk/vol1/fastq/ERR556/ERR556937/ERR556937_2.fastq.gz,e1c45567bc013e604c77b245b8a83ad5,00be736351f2f9f51b79065516e800d4
ERR556936,paired,ftp,ftp.sra.ebi.ac.uk/vol1/fastq/ERR556/ERR556936/ERR556936_1.fastq.gz,ftp.sra.ebi.ac.uk/vol1/fastq/ERR556/ERR556936/ERR556936_2.fastq.gz,6b66886b65d2174c5132582147cc8dd4,6bd3a9d4b1b3eec0816b0586b1a9d1b4
ERR556939,paired,ftp,ftp.sra.ebi.ac.uk/vol1/fastq/ERR556/ERR556939/ERR556939_1.fastq.gz,ftp.sra.ebi.ac.uk/vol1/fastq/ERR556/ERR556939/ERR556939_2.fastq.gz,04b855266221f0e857c12da03a2f9417,040b9bcd8c1357e5353cdb3cfe8bd985
ERR556938,paired,ftp,ftp.sra.ebi.ac.uk/vol1/fastq/ERR556/ERR556938/ERR556938_1.fastq.gz,ftp.sra.ebi.ac.uk/vol1/fastq/ERR556/ERR556938/ERR556938_2.fastq.gz,facbe002d71b487440bbdd8f02f4c216,c4845c0f1195f6f30de160a04b390301
ERR6325891,single,ftp,ftp.sra.ebi.ac.uk/vol1/fastq/ERR632/001/ERR6325891/ERR6325891.fastq.gz,,65aa39c1c8297b24ca9d06579f0e0ef4,
ERR6325892,single,ftp,ftp.sra.ebi.ac.uk/vol1/fastq/ERR632/002/ERR6325892/ERR6325892.fastq.gz,,d412c8d206c4174be771f699727b5df2,
ERR6325893,single,ftp,ftp.sra.ebi.ac.uk/vol1/fastq/ERR632/003/ERR6325893/ERR6325893.fastq.gz,,0aa84f6d337b63166df91984fb32f312,
ERR6325894,single,ftp,ftp.sra.ebi.ac.uk/vol1/fastq/ERR632/004/ERR6325894/ERR6325894.fastq.gz,,17aba47568893c841626822228d8fcfa,
ERR6325895,single,ftp,ftp.sra.ebi.ac.uk/vol1/fastq/ERR632/005/ERR6325895/ERR6325895.fastq.gz,,34c273311cc50a33be7e6a550a1a88fd,
ERR6325896,single,ftp,ftp.sra.ebi.ac.uk/vol1/fastq/ERR632/006/ERR6325896/ERR6325896.fastq.gz,,ada2175ea8342ca5dd36e8b2356f6d91,
ERR6325897,single,ftp,ftp.sra.ebi.ac.uk/vol1/fastq/ERR632/007/ERR6325897/ERR6325897.fastq.gz,,ef4360106f3f7cd5d537ccb192fa94c1,
ERR6325898,single,ftp,ftp.sra.ebi.ac.uk/vol1/fastq/ERR632/008/ERR6325898/ERR6325898.fastq.gz,,758e7ab91fea228e36df1771aeb281a8,
ERR6325899,single,ftp,ftp.sra.ebi.ac.uk/vol1/fastq/ERR632/009/ERR6325899/ERR6325899.fastq.gz,,c758d6859ca38d07abe3e37532df8698,
ERR6325900,single,ftp,ftp.sra.ebi.ac.uk/vol1/fastq/ERR632/000/ERR6325900/ERR6325900.fastq.gz,,0dd8181defd69edd82a32a19653245ec,
ERR6325901,single,ftp,ftp.sra.ebi.ac.uk/vol1/fastq/ERR632/001/ERR6325901/ERR6325901.fastq.gz,,c59293f4ee6946f0112c9cb155c86c9a,
ERR6325902,single,ftp,ftp.sra.ebi.ac.uk/vol1/fastq/ERR632/002/ERR6325902/ERR6325902.fastq.gz,,6c2c0a163652cd17acdd509090d06099,
ERR6325903,single,ftp,ftp.sra.ebi.ac.uk/vol1/fastq/ERR632/003/ERR6325903/ERR6325903.fastq.gz,,061826f59cf040986301558f2cac5aa1,
ERR6325904,single,ftp,ftp.sra.ebi.ac.uk/vol1/fastq/ERR632/004/ERR6325904/ERR6325904.fastq.gz,,4886010c23593f51106e482a5586a9a7,
ERR789033,paired,ftp,ftp.sra.ebi.ac.uk/vol1/fastq/ERR789/ERR789033/ERR789033_1.fastq.gz,ftp.sra.ebi.ac.uk/vol1/fastq/ERR789/ERR789033/ERR789033_2.fastq.gz,86e59147b32ac46c1d60f624a977955f,a6b3fdf5140711e823cad64a358f4211
ERR789034,paired,ftp,ftp.sra.ebi.ac.uk/vol1/fastq/ERR789/ERR789034/ERR789034_1.fastq.gz,ftp.sra.ebi.ac.uk/vol1/fastq/ERR789/ERR789034/ERR789034_2.fastq.gz,10718bf91a1e7b3aa05d5b9e5bd180d2,c0e255edebff493294e9010dc379136d
ERR789035,paired,ftp,ftp.sra.ebi.ac.uk/vol1/fastq/ERR789/ERR789035/ERR789035_1.fastq.gz,ftp.sra.ebi.ac.uk/vol1/fastq/ERR789/ERR789035/ERR789035_2.fastq.gz,1bb879a1a0fc9f521f509a2cd3fa635d,05b65e14c50f0be6a17e747468910822
ERR789036,paired,ftp,ftp.sra.ebi.ac.uk/vol1/fastq/ERR789/ERR789036/ERR789036_1.fastq.gz,ftp.sra.ebi.ac.uk/vol1/fastq/ERR789/ERR789036/ERR789036_2.fastq.gz,4e96d8ee53346afa84dd0afd60697d65,97ae959c0e39ac5b00be2a7697a7238f
ERR789059,paired,ftp,ftp.sra.ebi.ac.uk/vol1/fastq/ERR789/ERR789059/ERR789059_1.fastq.gz,ftp.sra.ebi.ac.uk/vol1/fastq/ERR789/ERR789059/ERR789059_2.fastq.gz,659c89862586db1e640a358e762e56dc,57f5a65294783f731af62e36ee5272d0
ERR789060,paired,ftp,ftp.sra.ebi.ac.uk/vol1/fastq/ERR789/ERR789060/ERR789060_1.fastq.gz,ftp.sra.ebi.ac.uk/vol1/fastq/ERR789/ERR789060/ERR789060_2.fastq.gz,bd69e87ab4bb8c54b50d2598b1051ed2,dcc615b5fa83683ae80f63aac54ba96a
ERR789061,paired,ftp,ftp.sra.ebi.ac.uk/vol1/fastq/ERR789/ERR789061/ERR789061_1.fastq.gz,ftp.sra.ebi.ac.uk/vol1/fastq/ERR789/ERR789061/ERR789061_2.fastq.gz,250e09cd6a256435ade311871cd01a12,cf7b457f82b17c733fe35424366399d0
ERR789062,paired,ftp,ftp.sra.ebi.ac.uk/vol1/fastq/ERR789/ERR789062/ERR789062_1.fastq.gz,ftp.sra.ebi.ac.uk/vol1/fastq/ERR789/ERR789062/ERR789062_2.fastq.gz,2a8b057cb802638edc0aa1083c08c0d2,b72e72891c1e909cb83aa069f68e7ae2
SRR14459737,paired,ftp,ftp.sra.ebi.ac.uk/vol1/fastq/SRR144/037/SRR14459737/SRR14459737_1.fastq.gz,ftp.sra.ebi.ac.uk/vol1/fastq/SRR144/037/SRR14459737/SRR14459737_2.fastq.gz,00898fc485dfffcf1ec0c8e5d3a9aef2,afa481fff23450ca5cd4ec6de8182368
SRR14459736,paired,ftp,ftp.sra.ebi.ac.uk/vol1/fastq/SRR144/036/SRR14459736/SRR14459736_1.fastq.gz,ftp.sra.ebi.ac.uk/vol1/fastq/SRR144/036/SRR14459736/SRR14459736_2.fastq.gz,378de8ab2ded9a68dddd7f42fcc8f67c,862fb52c42af3f2e2f74db4aee5108a5
SRR14459735,paired,ftp,ftp.sra.ebi.ac.uk/vol1/fastq/SRR144/035/SRR14459735/SRR14459735_1.fastq.gz,ftp.sra.ebi.ac.uk/vol1/fastq/SRR144/035/SRR14459735/SRR14459735_2.fastq.gz,0f921345459cad7aaaf4575c0ec3ae7e,c6def7e3cef4d5185939e401b19ae529
SRR14459734,paired,ftp,ftp.sra.ebi.ac.uk/vol1/fastq/SRR144/034/SRR14459734/SRR14459734_1.fastq.gz,ftp.sra.ebi.ac.uk/vol1/fastq/SRR144/034/SRR14459734/SRR14459734_2.fastq.gz,6c3d998f934cd871a51e682b2f7e80b7,f9b37b980c2485971c41980e20388951
SRR14459733,paired,ftp,ftp.sra.ebi.ac.uk/vol1/fastq/SRR144/033/SRR14459733/SRR14459733_1.fastq.gz,ftp.sra.ebi.ac.uk/vol1/fastq/SRR144/033/SRR14459733/SRR14459733_2.fastq.gz,7b2a9961e5408435fa677735701a1e4c,e4911c2cc5f5e13d5ee8e5da7fa380da
SRR14459732,paired,ftp,ftp.sra.ebi.ac.uk/vol1/fastq/SRR144/032/SRR14459732/SRR14459732_1.fastq.gz,ftp.sra.ebi.ac.uk/vol1/fastq/SRR144/032/SRR14459732/SRR14459732_2.fastq.gz,4863044d02228c8fcb520172c97e28b6,33c84877767fed197540ad990b7bb5d1
SRR14459731,paired,ftp,ftp.sra.ebi.ac.uk/vol1/fastq/SRR144/031/SRR14459731/SRR14459731_1.fastq.gz,ftp.sra.ebi.ac.uk/vol1/fastq/SRR144/031/SRR14459731/SRR14459731_2.fastq.gz,c543dfe408dda9aa0b5f1bab8d5374fa,18c74fc37b7808720c3c3817be4321b7
SRR14459730,paired,ftp,ftp.sra.ebi.ac.uk/vol1/fastq/SRR144/030/SRR14459730/SRR14459730_1.fastq.gz,ftp.sra.ebi.ac.uk/vol1/fastq/SRR144/030/SRR14459730/SRR14459730_2.fastq.gz,3199b10f597ab0e326b0dada1ed77593,1d03d317299db7311cadf35a3fc5fb24
SRR14459729,paired,ftp,ftp.sra.ebi.ac.uk/vol1/fastq/SRR144/029/SRR14459729/SRR14459729_1.fastq.gz,ftp.sra.ebi.ac.uk/vol1/fastq/SRR144/029/SRR14459729/SRR14459729_2.fastq.gz,5fff6f3167aed1b7e52460f72d184c6a,5f5354f9b037876b031b18026d1c0b56
SRR14459728,paired,ftp,ftp.sra.ebi.ac.uk/vol1/fastq/SRR144/028/SRR14459728/SRR14459728_1.fastq.gz,ftp.sra.ebi.ac.uk/vol1/fastq/SRR144/028/SRR14459728/SRR14459728_2.fastq.gz,065b1639c4f3472047248de364740ca5,ee6465a816e699bb01f852961bdfbe61
SRR14459727,paired,ftp,ftp.sra.ebi.ac.uk/vol1/fastq/SRR144/027/SRR14459727/SRR14459727_1.fastq.gz,ftp.sra.ebi.ac.uk/vol1/fastq/SRR144/027/SRR14459727/SRR14459727_2.fastq.gz,e8cf8189cda9dc7fbff5a14628824013,d149ba1af0e3641564fb0577aa220cb4
SRR14459726,paired,ftp,ftp.sra.ebi.ac.uk/vol1/fastq/SRR144/026/SRR14459726/SRR14459726_1.fastq.gz,ftp.sra.ebi.ac.uk/vol1/fastq/SRR144/026/SRR14459726/SRR14459726_2.fastq.gz,a0f9dcddfe9e979decc55e3cc88b55c9,e4e2dd26196c0e8466bf2a69c093f0db
SRR14459725,paired,ftp,ftp.sra.ebi.ac.uk/vol1/fastq/SRR144/025/SRR14459725/SRR14459725_1.fastq.gz,ftp.sra.ebi.ac.uk/vol1/fastq/SRR144/025/SRR14459725/SRR14459725_2.fastq.gz,3d0f2bbc0aff32508facacefb840ad32,3173993d8ead9c87c0ed1ca8f4ddc7ca
SRR14459724,paired,ftp,ftp.sra.ebi.ac.uk/vol1/fastq/SRR144/024/SRR14459724/SRR14459724_1.fastq.gz,ftp.sra.ebi.ac.uk/vol1/fastq/SRR144/024/SRR14459724/SRR14459724_2.fastq.gz,1106fdb6a468f0627d7ce939b7a056a1,adfba462a991f8e7da9c402825d7b0cc
SRR14459723,paired,ftp,ftp.sra.ebi.ac.uk/vol1/fastq/SRR144/023/SRR14459723/SRR14459723_1.fastq.gz,ftp.sra.ebi.ac.uk/vol1/fastq/SRR144/023/SRR14459723/SRR14459723_2.fastq.gz,be2557ba215e9418da99f900ab750073,6ff3f81fcbdafc70eee6ed7c2de31220
SRR14459722,paired,ftp,ftp.sra.ebi.ac.uk/vol1/fastq/SRR144/022/SRR14459722/SRR14459722_1.fastq.gz,ftp.sra.ebi.ac.uk/vol1/fastq/SRR144/022/SRR14459722/SRR14459722_2.fastq.gz,f206f0b56d7568365897d66a9eaaed96,845ea28f7eeb87d33ef5addceea563ac
SRR14459721,paired,ftp,ftp.sra.ebi.ac.uk/vol1/fastq/SRR144/021/SRR14459721/SRR14459721_1.fastq.gz,ftp.sra.ebi.ac.uk/vol1/fastq/SRR144/021/SRR14459721/SRR14459721_2.fastq.gz,a8fd26095eef09a3782dff8943565084,1da62ecf2dd86b36da399a8d02b2e58a
SRR14459720,paired,ftp,ftp.sra.ebi.ac.uk/vol1/fastq/SRR144/020/SRR14459720/SRR14459720_1.fastq.gz,ftp.sra.ebi.ac.uk/vol1/fastq/SRR144/020/SRR14459720/SRR14459720_2.fastq.gz,eca530b0d4ad31b71c50592addf221c0,30b97de90dfa6ae2074bb791a9aa8cc3
SRR14459719,paired,ftp,ftp.sra.ebi.ac.uk/vol1/fastq/SRR144/019/SRR14459719/SRR14459719_1.fastq.gz,ftp.sra.ebi.ac.uk/vol1/fastq/SRR144/019/SRR14459719/SRR14459719_2.fastq.gz,7392b9b602e4b5dd733a4e41c4331a09,5a899f296834ce4833cd6a439ad0505c
SRR14459718,paired,ftp,ftp.sra.ebi.ac.uk/vol1/fastq/SRR144/018/SRR14459718/SRR14459718_1.fastq.gz,ftp.sra.ebi.ac.uk/vol1/fastq/SRR144/018/SRR14459718/SRR14459718_2.fastq.gz,d61b87a6bc5ac67e11e3cbbde52ae513,a2a94e54db62bf13445b347b38b1d1cd
SRR14459717,paired,ftp,ftp.sra.ebi.ac.uk/vol1/fastq/SRR144/017/SRR14459717/SRR14459717_1.fastq.gz,ftp.sra.ebi.ac.uk/vol1/fastq/SRR144/017/SRR14459717/SRR14459717_2.fastq.gz,0f04da549b7c081f4820107c7efcb516,d3b6fe14d248b2204f07bf3079bc5067
SRR14459716,paired,ftp,ftp.sra.ebi.ac.uk/vol1/fastq/SRR144/016/SRR14459716/SRR14459716_1.fastq.gz,ftp.sra.ebi.ac.uk/vol1/fastq/SRR144/016/SRR14459716/SRR14459716_2.fastq.gz,e4f57f6e8234c2e8196bebf3e4243437,e801fa2c99c4fcd695b8570d362d152f
SRR14459715,paired,ftp,ftp.sra.ebi.ac.uk/vol1/fastq/SRR144/015/SRR14459715/SRR14459715_1.fastq.gz,ftp.sra.ebi.ac.uk/vol1/fastq/SRR144/015/SRR14459715/SRR14459715_2.fastq.gz,0855d0ea1f715a12ab75a89301400e2f,3d2bc24517a85f2ab685b7054d033745
SRR14459714,paired,ftp,ftp.sra.ebi.ac.uk/vol1/fastq/SRR144/014/SRR14459714/SRR14459714_1.fastq.gz,ftp.sra.ebi.ac.uk/vol1/fastq/SRR144/014/SRR14459714/SRR14459714_2.fastq.gz,8124772b30e2bdd86ed7afcdb1af64df,861d4a8f4c36f336af96e134a71e2ea4
SRR14459707,paired,ftp,ftp.sra.ebi.ac.uk/vol1/fastq/SRR144/007/SRR14459707/SRR14459707_1.fastq.gz,ftp.sra.ebi.ac.uk/vol1/fastq/SRR144/007/SRR14459707/SRR14459707_2.fastq.gz,65916a3586f66c0f3259555a0d6d9ec7,3a3349f0e1d74b91574d0e21aa221a46
SRR14459706,paired,ftp,ftp.sra.ebi.ac.uk/vol1/fastq/SRR144/006/SRR14459706/SRR14459706_1.fastq.gz,ftp.sra.ebi.ac.uk/vol1/fastq/SRR144/006/SRR14459706/SRR14459706_2.fastq.gz,9ba290b25c9563104927b3691d338222,dc63f6c164172427a42ca1ebebdd8821
SRR14459705,paired,ftp,ftp.sra.ebi.ac.uk/vol1/fastq/SRR144/005/SRR14459705/SRR14459705_1.fastq.gz,ftp.sra.ebi.ac.uk/vol1/fastq/SRR144/005/SRR14459705/SRR14459705_2.fastq.gz,8b1921b73c64221fc0d13da3281ec0d9,b77c2ba5dcae84bc2f667172668f5a01
SRR14459704,paired,ftp,ftp.sra.ebi.ac.uk/vol1/fastq/SRR144/004/SRR14459704/SRR14459704_1.fastq.gz,ftp.sra.ebi.ac.uk/vol1/fastq/SRR144/004/SRR14459704/SRR14459704_2.fastq.gz,d6df1c9075fa671e7f3cf39a517d3c2e,6dd40c7b85ea25a8958de833b124fea3
SRR14459703,paired,ftp,ftp.sra.ebi.ac.uk/vol1/fastq/SRR144/003/SRR14459703/SRR14459703_1.fastq.gz,ftp.sra.ebi.ac.uk/vol1/fastq/SRR144/003/SRR14459703/SRR14459703_2.fastq.gz,150b4e8267d0a7be0648d906da211882,05ca529742f2b6281021759819bf8c4b
SRR14459702,paired,ftp,ftp.sra.ebi.ac.uk/vol1/fastq/SRR144/002/SRR14459702/SRR14459702_1.fastq.gz,ftp.sra.ebi.ac.uk/vol1/fastq/SRR144/002/SRR14459702/SRR14459702_2.fastq.gz,fb134958671ce61e2f7b77cb64ce40c7,6cfd8a63b6bd1fe2b783618d31ba7291
SRR14768804,single,ftp,ftp.sra.ebi.ac.uk/vol1/fastq/SRR147/004/SRR14768804/SRR14768804.fastq.gz,,0257ef4e421e842aef43f724521e6214,
SRR14768803,single,ftp,ftp.sra.ebi.ac.uk/vol1/fastq/SRR147/003/SRR14768803/SRR14768803.fastq.gz,,e553385b698dd10db4cf71256ee18059,
SRR14768802,single,ftp,ftp.sra.ebi.ac.uk/vol1/fastq/SRR147/002/SRR14768802/SRR14768802.fastq.gz,,6b8258a10d41a133b16f8a224e1c0a28,
SRR14768801,single,ftp,ftp.sra.ebi.ac.uk/vol1/fastq/SRR147/001/SRR14768801/SRR14768801.fastq.gz,,f01d1beb887eac1c0856332efc1776e4,
SRR14768800,single,ftp,ftp.sra.ebi.ac.uk/vol1/fastq/SRR147/000/SRR14768800/SRR14768800.fastq.gz,,22f8f645c4cc0ff25815ef8df313f074,
SRR14768799,single,ftp,ftp.sra.ebi.ac.uk/vol1/fastq/SRR147/099/SRR14768799/SRR14768799.fastq.gz,,fc1612d85ee0cd408b76ed0856442ef7,
SRR14768796,single,ftp,ftp.sra.ebi.ac.uk/vol1/fastq/SRR147/096/SRR14768796/SRR14768796.fastq.gz,,15d20f5c91f1f9600bf1155fe093b0fe,
SRR14768795,single,ftp,ftp.sra.ebi.ac.uk/vol1/fastq/SRR147/095/SRR14768795/SRR14768795.fastq.gz,,79a64ccaa5d4683740f2983e4ade8bcc,
SRR14768794,single,ftp,ftp.sra.ebi.ac.uk/vol1/fastq/SRR147/094/SRR14768794/SRR14768794.fastq.gz,,ebb264fc86e1a8e7d3787995c18cf04d,
SRR14768793,single,ftp,ftp.sra.ebi.ac.uk/vol1/fastq/SRR147/093/SRR14768793/SRR14768793.fastq.gz,,39993a5884f5a45b1d925d2c62e1832f,
SRR14768792,single,ftp,ftp.sra.ebi.ac.uk/vol1/fastq/SRR147/092/SRR14768792/SRR14768792.fastq.gz,,627df3a2f7026c9b0a9fc7efe5d73a51,
SRR14768791,single,ftp,ftp.sra.ebi.ac.uk/vol1/fastq/SRR147/091/SRR14768791/SRR14768791.fastq.gz,,cf596cf818738a03688ba66c33516bde,
SRR2154067,single,ftp,ftp.sra.ebi.ac.uk/vol1/fastq/SRR215/007/SRR2154067/SRR2154067.fastq.gz,,9161505c3867b0e82f38b714830b4594,
SRR2154069,single,ftp,ftp.sra.ebi.ac.uk/vol1/fastq/SRR215/009/SRR2154069/SRR2154069.fastq.gz,,86c451c5536af94e847b1fe1f8cd4f93,
SRR2154088,single,ftp,ftp.sra.ebi.ac.uk/vol1/fastq/SRR215/008/SRR2154088/SRR2154088.fastq.gz,,1da82c526f3098268f6a3e386baf41b0,
SRR2154089,single,ftp,ftp.sra.ebi.ac.uk/vol1/fastq/SRR215/009/SRR2154089/SRR2154089.fastq.gz,,b0f2b942750442401877a79dd5db80ca,
SRR2154091,single,ftp,ftp.sra.ebi.ac.uk/vol1/fastq/SRR215/001/SRR2154091/SRR2154091.fastq.gz,,c6c09d220f2333755a185cafba796fcb,
SRR2154092,single,ftp,ftp.sra.ebi.ac.uk/vol1/fastq/SRR215/002/SRR2154092/SRR2154092.fastq.gz,,4654a56df8b18119a14864af16dad306,
SRR2154093,single,ftp,ftp.sra.ebi.ac.uk/vol1/fastq/SRR215/003/SRR2154093/SRR2154093.fastq.gz,,b0cc2b713453c17c8338d933a825fdce,
SRR2154094,single,ftp,ftp.sra.ebi.ac.uk/vol1/fastq/SRR215/004/SRR2154094/SRR2154094.fastq.gz,,a55f6e9f922cbb1f239b78f042a26a8f,
SRR2154095,single,ftp,ftp.sra.ebi.ac.uk/vol1/fastq/SRR215/005/SRR2154095/SRR2154095.fastq.gz,,fcf1c88b38393524881285c42927634f,
SRR2154096,single,ftp,ftp.sra.ebi.ac.uk/vol1/fastq/SRR215/006/SRR2154096/SRR2154096.fastq.gz,,486cead6fd6f12c2b6f938b47f18bbea,
SRR2154097,single,ftp,ftp.sra.ebi.ac.uk/vol1/fastq/SRR215/007/SRR2154097/SRR2154097.fastq.gz,,81f51796892d6164492d8fc5e19e3153,
SRR2154098,single,ftp,ftp.sra.ebi.ac.uk/vol1/fastq/SRR215/008/SRR2154098/SRR2154098.fastq.gz,,7858f4485a8dc729dfdedab16ac471c7,
SRR2154112,single,ftp,ftp.sra.ebi.ac.uk/vol1/fastq/SRR215/002/SRR2154112/SRR2154112.fastq.gz,,f2a95577b70017c77f35bdac747d8e2b,
SRR2154113,single,ftp,ftp.sra.ebi.ac.uk/vol1/fastq/SRR215/003/SRR2154113/SRR2154113.fastq.gz,,0229717b3d5ddcbefcffa5ff8dec24ec,
SRR16573965,paired,ftp,ftp.sra.ebi.ac.uk/vol1/fastq/SRR165/065/SRR16573965/SRR16573965_1.fastq.gz,ftp.sra.ebi.ac.uk/vol1/fastq/SRR165/065/SRR16573965/SRR16573965_2.fastq.gz,2562830592bf8a8e02b97b6c748cdfa7,a3c31450e493499cde3a5e5e490f2913
SRR16573966,paired,ftp,ftp.sra.ebi.ac.uk/vol1/fastq/SRR165/066/SRR16573966/SRR16573966_1.fastq.gz,ftp.sra.ebi.ac.uk/vol1/fastq/SRR165/066/SRR16573966/SRR16573966_2.fastq.gz,ea22577cd83414e37e3b4d40433c59e6,8d0e161459eaee4578065bd4932fa34c
SRR16573967,paired,ftp,ftp.sra.ebi.ac.uk/vol1/fastq/SRR165/067/SRR16573967/SRR16573967_1.fastq.gz,ftp.sra.ebi.ac.uk/vol1/fastq/SRR165/067/SRR16573967/SRR16573967_2.fastq.gz,8064dec9d1ff04b47ec27a3981953cdf,75e20446ec99ecc53f1ffb2e85e5bbee
SRR16573968,paired,ftp,ftp.sra.ebi.ac.uk/vol1/fastq/SRR165/068/SRR16573968/SRR16573968_1.fastq.gz,ftp.sra.ebi.ac.uk/vol1/fastq/SRR165/068/SRR16573968/SRR16573968_2.fastq.gz,25de313b8f2702ba57f5fd46faca3065,df0f84814cf93c98cefb002439dd82d9
SRR16573969,paired,ftp,ftp.sra.ebi.ac.uk/vol1/fastq/SRR165/069/SRR16573969/SRR16573969_1.fastq.gz,ftp.sra.ebi.ac.uk/vol1/fastq/SRR165/069/SRR16573969/SRR16573969_2.fastq.gz,bab08c600e8336c3d5ceb32ade3765cc,82424ea6e998426be1655354ff562f75
SRR16573970,paired,ftp,ftp.sra.ebi.ac.uk/vol1/fastq/SRR165/070/SRR16573970/SRR16573970_1.fastq.gz,ftp.sra.ebi.ac.uk/vol1/fastq/SRR165/070/SRR16573970/SRR16573970_2.fastq.gz,859df7cedd5f1b1046e714dc753ba6fb,5e70a4e4d69b7d3692bcbf7abdc789d6
SRR16573971,paired,ftp,ftp.sra.ebi.ac.uk/vol1/fastq/SRR165/071/SRR16573971/SRR16573971_1.fastq.gz,ftp.sra.ebi.ac.uk/vol1/fastq/SRR165/071/SRR16573971/SRR16573971_2.fastq.gz,db67d9b171c6babdbb06d019af2ea2d8,d10aeb7fd4b9d035b6cf583b964d86b7
SRR16573972,paired,ftp,ftp.sra.ebi.ac.uk/vol1/fastq/SRR165/072/SRR16573972/SRR16573972_1.fastq.gz,ftp.sra.ebi.ac.uk/vol1/fastq/SRR165/072/SRR16573972/SRR16573972_2.fastq.gz,033bfa7f2bc8fba2c94acde891428bdd,b64121c7556c60dcb74c031836f8dd51
SRR16573973,paired,ftp,ftp.sra.ebi.ac.uk/vol1/fastq/SRR165/073/SRR16573973/SRR16573973_1.fastq.gz,ftp.sra.ebi.ac.uk/vol1/fastq/SRR165/073/SRR16573973/SRR16573973_2.fastq.gz,55937d30a42f547b5efa619e351d2008,1e61f882b24f8699e79f71d19db419d7
SRR16573974,paired,ftp,ftp.sra.ebi.ac.uk/vol1/fastq/SRR165/074/SRR16573974/SRR16573974_1.fastq.gz,ftp.sra.ebi.ac.uk/vol1/fastq/SRR165/074/SRR16573974/SRR16573974_2.fastq.gz,0556e7fbc54dbde570d388a27af19307,e1b5a990ed0c14e6b1c3976a33aee538
SRR16573975,paired,ftp,ftp.sra.ebi.ac.uk/vol1/fastq/SRR165/075/SRR16573975/SRR16573975_1.fastq.gz,ftp.sra.ebi.ac.uk/vol1/fastq/SRR165/075/SRR16573975/SRR16573975_2.fastq.gz,ebf228788442269846877d4bff7d55c1,e109d527fc88f46247abb6113591406c
SRR16573976,paired,ftp,ftp.sra.ebi.ac.uk/vol1/fastq/SRR165/076/SRR16573976/SRR16573976_1.fastq.gz,ftp.sra.ebi.ac.uk/vol1/fastq/SRR165/076/SRR16573976/SRR16573976_2.fastq.gz,78dd0ed1f31ca57b512379aceea835d6,02aa7769fa8036f0d934b5d538800a26
SRR2982158,single,ftp,ftp.sra.ebi.ac.uk/vol1/fastq/SRR298/008/SRR2982158/SRR2982158.fastq.gz,,f78f562b6a091c731149fc4e59cc2b80,
SRR2982159,single,ftp,ftp.sra.ebi.ac.uk/vol1/fastq/SRR298/009/SRR2982159/SRR2982159.fastq.gz,,6ffe6290cad292eff975725c2c202417,
SRR2982203,single,ftp,ftp.sra.ebi.ac.uk/vol1/fastq/SRR298/003/SRR2982203/SRR2982203.fastq.gz,,e9df6d14631d7d58e0dd391e80ae461c,
SRR2982223,single,ftp,ftp.sra.ebi.ac.uk/vol1/fastq/SRR298/003/SRR2982223/SRR2982223.fastq.gz,,8c7eead77ae209c6de56dbcff0e8e21b,
SRR2982242,single,ftp,ftp.sra.ebi.ac.uk/vol1/fastq/SRR298/002/SRR2982242/SRR2982242.fastq.gz,,85b261bb89a7abc40d4a5654947ad9bc,
SRR2982251,single,ftp,ftp.sra.ebi.ac.uk/vol1/fastq/SRR298/001/SRR2982251/SRR2982251.fastq.gz,,392c4a2a5ed88f97130ef2ac3872fb3e,
SRR2982253,single,ftp,ftp.sra.ebi.ac.uk/vol1/fastq/SRR298/003/SRR2982253/SRR2982253.fastq.gz,,365deeb8a6b45c5d0a260fb79dfc0b38,
SRR2982254,single,ftp,ftp.sra.ebi.ac.uk/vol1/fastq/SRR298/004/SRR2982254/SRR2982254.fastq.gz,,669ff367ce4fdda04328ee06ae5ab922,
SRR2982333,single,ftp,ftp.sra.ebi.ac.uk/vol1/fastq/SRR298/003/SRR2982333/SRR2982333.fastq.gz,,46e00dcd8d9c98c59e7cb8100e07a9e2,
SRR2982334,single,ftp,ftp.sra.ebi.ac.uk/vol1/fastq/SRR298/004/SRR2982334/SRR2982334.fastq.gz,,53a585375432549214ea4b8a88028c43,
SRR2982335,single,ftp,ftp.sra.ebi.ac.uk/vol1/fastq/SRR298/005/SRR2982335/SRR2982335.fastq.gz,,1a169bd66665957a091ba2b580958cab,
SRR2982160,single,ftp,ftp.sra.ebi.ac.uk/vol1/fastq/SRR298/000/SRR2982160/SRR2982160.fastq.gz,,d8ffe536a12c856864bb3203a4066216,
SRR20081821,paired,ftp,ftp.sra.ebi.ac.uk/vol1/fastq/SRR200/021/SRR20081821/SRR20081821_1.fastq.gz,ftp.sra.ebi.ac.uk/vol1/fastq/SRR200/021/SRR20081821/SRR20081821_2.fastq.gz,c4ffa993ee4c52563275a58494020344,1e39fa30402edaddeeb3ea51804677a3
SRR20081829,paired,ftp,ftp.sra.ebi.ac.uk/vol1/fastq/SRR200/029/SRR20081829/SRR20081829_1.fastq.gz,ftp.sra.ebi.ac.uk/vol1/fastq/SRR200/029/SRR20081829/SRR20081829_2.fastq.gz,4b20c54dabf0227f502453cc112b2f47,82ff5f0d64d9ebe7d370254c26b8a579
SRR20081828,paired,ftp,ftp.sra.ebi.ac.uk/vol1/fastq/SRR200/028/SRR20081828/SRR20081828_1.fastq.gz,ftp.sra.ebi.ac.uk/vol1/fastq/SRR200/028/SRR20081828/SRR20081828_2.fastq.gz,ba12ee4f237d61523f0fbb24dcb176d7,b1ed574481e8df592691db8157f73904
SRR20081826,paired,ftp,ftp.sra.ebi.ac.uk/vol1/fastq/SRR200/026/SRR20081826/SRR20081826_1.fastq.gz,ftp.sra.ebi.ac.uk/vol1/fastq/SRR200/026/SRR20081826/SRR20081826_2.fastq.gz,6cc3d681a262b10ef6f87dafca440689,0537b7ee9731d49ab411977e4acf36c2
SRR20081827,paired,ftp,ftp.sra.ebi.ac.uk/vol1/fastq/SRR200/027/SRR20081827/SRR20081827_1.fastq.gz,ftp.sra.ebi.ac.uk/vol1/fastq/SRR200/027/SRR20081827/SRR20081827_2.fastq.gz,8be7d5e174e5714bd460427961656406,f1dbf39224664c6d6bb269bb369b1aac
SRR20081823,paired,ftp,ftp.sra.ebi.ac.uk/vol1/fastq/SRR200/023/SRR20081823/SRR20081823_1.fastq.gz,ftp.sra.ebi.ac.uk/vol1/fastq/SRR200/023/SRR20081823/SRR20081823_2.fastq.gz,2b9fb085a67cce818d1c97ca28fc627d,182f43b3a1ad197f4ad325dcd134a352
SRR20081822,paired,ftp,ftp.sra.ebi.ac.uk/vol1/fastq/SRR200/022/SRR20081822/SRR20081822_1.fastq.gz,ftp.sra.ebi.ac.uk/vol1/fastq/SRR200/022/SRR20081822/SRR20081822_2.fastq.gz,057217ad84e0337c46ac5cd24fd50e8e,900facfe7d95bff58c19162005043b14
SRR20081820,paired,ftp,ftp.sra.ebi.ac.uk/vol1/fastq/SRR200/020/SRR20081820/SRR20081820_1.fastq.gz,ftp.sra.ebi.ac.uk/vol1/fastq/SRR200/020/SRR20081820/SRR20081820_2.fastq.gz,f62f72ebcbc3adde6a339b317b6c3d48,22635a8535a1147df618f3111e5bebfc
SRR26338096,paired,ftp,ftp.sra.ebi.ac.uk/vol1/fastq/SRR263/096/SRR26338096/SRR26338096_1.fastq.gz,ftp.sra.ebi.ac.uk/vol1/fastq/SRR263/096/SRR26338096/SRR26338096_2.fastq.gz,d254a1d1d59b0bee4221a438fc0787e2,9fcb2b0aea84d256aaf1c4119639334e
SRR26338095,paired,ftp,ftp.sra.ebi.ac.uk/vol1/fastq/SRR263/095/SRR26338095/SRR26338095_1.fastq.gz,ftp.sra.ebi.ac.uk/vol1/fastq/SRR263/095/SRR26338095/SRR26338095_2.fastq.gz,11cc2f4d1b22124988af7b439ccba272,8937b06c3036e0eacb62ef9fd1277918
SRR26338094,paired,ftp,ftp.sra.ebi.ac.uk/vol1/fastq/SRR263/094/SRR26338094/SRR26338094_1.fastq.gz,ftp.sra.ebi.ac.uk/vol1/fastq/SRR263/094/SRR26338094/SRR26338094_2.fastq.gz,a2cc2cc09c13d84e0cd31d829a6223f3,61098aab144b60b3a1bcc0e9b7ac3717
SRR26338093,paired,ftp,ftp.sra.ebi.ac.uk/vol1/fastq/SRR263/093/SRR26338093/SRR26338093_1.fastq.gz,ftp.sra.ebi.ac.uk/vol1/fastq/SRR263/093/SRR26338093/SRR26338093_2.fastq.gz,d16405a1ea62ae7dc94c8cc8b1281eac,7c2970983d1a442faecb0728c330ede8
SRR26338092,paired,ftp,ftp.sra.ebi.ac.uk/vol1/fastq/SRR263/092/SRR26338092/SRR26338092_1.fastq.gz,ftp.sra.ebi.ac.uk/vol1/fastq/SRR263/092/SRR26338092/SRR26338092_2.fastq.gz,d42561f8717309aad4ab2b1a86bdc665,06304f0523bb34c8f2e0a43bef7ccbf0
SRR26338091,paired,ftp,ftp.sra.ebi.ac.uk/vol1/fastq/SRR263/091/SRR26338091/SRR26338091_1.fastq.gz,ftp.sra.ebi.ac.uk/vol1/fastq/SRR263/091/SRR26338091/SRR26338091_2.fastq.gz,c7847ee8cca8bbbfd97dc0f1abfd3b5c,0086cbe42c06354e6e26ce3949381d14
SRR26338090,paired,ftp,ftp.sra.ebi.ac.uk/vol1/fastq/SRR263/090/SRR26338090/SRR26338090_1.fastq.gz,ftp.sra.ebi.ac.uk/vol1/fastq/SRR263/090/SRR26338090/SRR26338090_2.fastq.gz,3076bcfa31c5dd624d8a8bffc23f3490,9c70ddf5b3452ccbfb2d923feee09ce3
SRR26338089,paired,ftp,ftp.sra.ebi.ac.uk/vol1/fastq/SRR263/089/SRR26338089/SRR26338089_1.fastq.gz,ftp.sra.ebi.ac.uk/vol1/fastq/SRR263/089/SRR26338089/SRR26338089_2.fastq.gz,42c40daca5720ee3717d59ba94e1f500,c07127a618638df250b66562fe75add9
SRR26338088,paired,ftp,ftp.sra.ebi.ac.uk/vol1/fastq/SRR263/088/SRR26338088/SRR26338088_1.fastq.gz,ftp.sra.ebi.ac.uk/vol1/fastq/SRR263/088/SRR26338088/SRR26338088_2.fastq.gz,4f49af1e9d4ce689dcc735997a9a438f,2a30fae0cf56c76e5cdee58bee9df98c
SRR26338087,paired,ftp,ftp.sra.ebi.ac.uk/vol1/fastq/SRR263/087/SRR26338087/SRR26338087_1.fastq.gz,ftp.sra.ebi.ac.uk/vol1/fastq/SRR263/087/SRR26338087/SRR26338087_2.fastq.gz,b7e1343b440f598eab034cf883b84f3f,ec35c03ed73eeaef81dd0aae15ae45bc
SRR26338086,paired,ftp,ftp.sra.ebi.ac.uk/vol1/fastq/SRR263/086/SRR26338086/SRR26338086_1.fastq.gz,ftp.sra.ebi.ac.uk/vol1/fastq/SRR263/086/SRR26338086/SRR26338086_2.fastq.gz,0844255bd3708a7d375d1ba7a0a2f690,9e61b4bb86dabf574a1977a6f52d9e31
SRR26338085,paired,ftp,ftp.sra.ebi.ac.uk/vol1/fastq/SRR263/085/SRR26338085/SRR26338085_1.fastq.gz,ftp.sra.ebi.ac.uk/vol1/fastq/SRR263/085/SRR26338085/SRR26338085_2.fastq.gz,50513060ecf52531cd6d42aec7cc4bf7,b7ed15f0670e2a01c8044c5f2bb145bc
SRR5253722,paired,ftp,ftp.sra.ebi.ac.uk/vol1/fastq/SRR525/002/SRR5253722/SRR5253722_1.fastq.gz,ftp.sra.ebi.ac.uk/vol1/fastq/SRR525/002/SRR5253722/SRR5253722_2.fastq.gz,5da889a455274c1b147bb1e0208abd6a,5dcaf0c46936ca4b974ad96d92db0e06
SRR5253723,paired,ftp,ftp.sra.ebi.ac.uk/vol1/fastq/SRR525/003/SRR5253723/SRR5253723_1.fastq.gz,ftp.sra.ebi.ac.uk/vol1/fastq/SRR525/003/SRR5253723/SRR5253723_2.fastq.gz,4ba49456134e6baa8ae2cc5bf5f4e091,cb8c2565056b45f43b5ffa5ed96c079a
SRR5314671,single,ftp,ftp.sra.ebi.ac.uk/vol1/fastq/SRR531/001/SRR5314671/SRR5314671.fastq.gz,,7b0f3bc9358131d95cc817974ffdcf8f,
SRR5314672,single,ftp,ftp.sra.ebi.ac.uk/vol1/fastq/SRR531/002/SRR5314672/SRR5314672.fastq.gz,,9bdfb9f08c578e7ada232471563ab152,
SRR5315219,single,ftp,ftp.sra.ebi.ac.uk/vol1/fastq/SRR531/009/SRR5315219/SRR5315219.fastq.gz,,a57d62a5ab772ea3b65d7f1ee31c4388,
SRR5315220,single,ftp,ftp.sra.ebi.ac.uk/vol1/fastq/SRR531/000/SRR5315220/SRR5315220.fastq.gz,,79b401f73620dac6035e967084c6612c,
SRR7401112,single,ftp,ftp.sra.ebi.ac.uk/vol1/fastq/SRR740/002/SRR7401112/SRR7401112.fastq.gz,,4733e926e50231f082e4f1de50c91a0c,
SRR7401111,single,ftp,ftp.sra.ebi.ac.uk/vol1/fastq/SRR740/001/SRR7401111/SRR7401111.fastq.gz,,cd49f4cb587e4e45ff2f64c047d90088,
SRR7401110,paired,ftp,ftp.sra.ebi.ac.uk/vol1/fastq/SRR740/000/SRR7401110/SRR7401110_1.fastq.gz,ftp.sra.ebi.ac.uk/vol1/fastq/SRR740/000/SRR7401110/SRR7401110_2.fastq.gz,7d4f068f6e5622d2b97793ed2ea9fff2,ae13e3e9191b5b9fde074a3bb030dfdd
SRR7401109,paired,ftp,ftp.sra.ebi.ac.uk/vol1/fastq/SRR740/009/SRR7401109/SRR7401109_1.fastq.gz,ftp.sra.ebi.ac.uk/vol1/fastq/SRR740/009/SRR7401109/SRR7401109_2.fastq.gz,6fb53cafbed390e1b3d0647e6dd4e62c,ec3cef25af90936c3d05b2007683c022
SRR7653086,single,ftp,ftp.sra.ebi.ac.uk/vol1/fastq/SRR765/006/SRR7653086/SRR7653086.fastq.gz,,a9aecf73d0e2a3057a7db2d51203a1ed,
SRR7653087,single,ftp,ftp.sra.ebi.ac.uk/vol1/fastq/SRR765/007/SRR7653087/SRR7653087.fastq.gz,,adb6233b2f0820d6b86505ab17ece88a,
SRR7653088,single,ftp,ftp.sra.ebi.ac.uk/vol1/fastq/SRR765/008/SRR7653088/SRR7653088.fastq.gz,,17273ff1349d31ff9f1b0bb055c3eb00,
SRR7653089,single,ftp,ftp.sra.ebi.ac.uk/vol1/fastq/SRR765/009/SRR7653089/SRR7653089.fastq.gz,,89b24eaec20b4af64faf2f761765bd52,
SRR7653090,single,ftp,ftp.sra.ebi.ac.uk/vol1/fastq/SRR765/000/SRR7653090/SRR7653090.fastq.gz,,7acc37025f78459e7a415d6532585708,
SRR7653091,single,ftp,ftp.sra.ebi.ac.uk/vol1/fastq/SRR765/001/SRR7653091/SRR7653091.fastq.gz,,c0b30c2b14cfa31623c2b17539aa4be7,
SRR7653092,single,ftp,ftp.sra.ebi.ac.uk/vol1/fastq/SRR765/002/SRR7653092/SRR7653092.fastq.gz,,a07992363414206ad399ccebce22ac06,
SRR7653093,single,ftp,ftp.sra.ebi.ac.uk/vol1/fastq/SRR765/003/SRR7653093/SRR7653093.fastq.gz,,aaac5213e8a89de0ad18734bb60cce84,
SRR7653094,single,ftp,ftp.sra.ebi.ac.uk/vol1/fastq/SRR765/004/SRR7653094/SRR7653094.fastq.gz,,1decd9fbe4e98ef6b9e24b1995dec05b,
SRR7653095,single,ftp,ftp.sra.ebi.ac.uk/vol1/fastq/SRR765/005/SRR7653095/SRR7653095.fastq.gz,,f4edc1e88fce30bc22ff9c6b66a8e6a0,
SRR7653096,single,ftp,ftp.sra.ebi.ac.uk/vol1/fastq/SRR765/006/SRR7653096/SRR7653096.fastq.gz,,b45717c66b25b8a7379cd2d50b3b2035,
SRR7653097,single,ftp,ftp.sra.ebi.ac.uk/vol1/fastq/SRR765/007/SRR7653097/SRR7653097.fastq.gz,,6a1de6d5e3f02d424240b16a42f533c5,
SRR9951061,single,ftp,ftp.sra.ebi.ac.uk/vol1/fastq/SRR995/001/SRR9951061/SRR9951061.fastq.gz,,a5d84b58bc46cc87fcf912ef7d67852c,
SRR9951062,single,ftp,ftp.sra.ebi.ac.uk/vol1/fastq/SRR995/002/SRR9951062/SRR9951062.fastq.gz,,a1bedcee90af98dbdb40a7f0ddcb4512,
SRR9951063,single,ftp,ftp.sra.ebi.ac.uk/vol1/fastq/SRR995/003/SRR9951063/SRR9951063.fastq.gz,,2b70917ef7b7666586c7192a450185b7,
SRR9951064,single,ftp,ftp.sra.ebi.ac.uk/vol1/fastq/SRR995/004/SRR9951064/SRR9951064.fastq.gz,,c4ef653b705395f28507c7c0b34c2fe3,
SRR9951065,single,ftp,ftp.sra.ebi.ac.uk/vol1/fastq/SRR995/005/SRR9951065/SRR9951065.fastq.gz,,3b8d0d831b08c02e6d3bf3b6acb839a1,
SRR9951066,single,ftp,ftp.sra.ebi.ac.uk/vol1/fastq/SRR995/006/SRR9951066/SRR9951066.fastq.gz,,06c7dafb2fb65a451933ce78bf242931,
SRR10034566,paired,ftp,ftp.sra.ebi.ac.uk/vol1/fastq/SRR100/066/SRR10034566/SRR10034566_1.fastq.gz,ftp.sra.ebi.ac.uk/vol1/fastq/SRR100/066/SRR10034566/SRR10034566_2.fastq.gz,efcc5f76c67863d0cf84f1c35e675018,70c3ad5d7f14ac4e65e1920a2ee03a55
SRR10034565,paired,ftp,ftp.sra.ebi.ac.uk/vol1/fastq/SRR100/065/SRR10034565/SRR10034565_1.fastq.gz,ftp.sra.ebi.ac.uk/vol1/fastq/SRR100/065/SRR10034565/SRR10034565_2.fastq.gz,6fb378edf5ee7c1a0b36e9c26704d402,8cce45196d79233d63e5dc2d36222c27
SRR10034564,paired,ftp,ftp.sra.ebi.ac.uk/vol1/fastq/SRR100/064/SRR10034564/SRR10034564_1.fastq.gz,ftp.sra.ebi.ac.uk/vol1/fastq/SRR100/064/SRR10034564/SRR10034564_2.fastq.gz,3274dc8a8c2de65f3e1fe55fca929e56,818e470601eb216b4f92a457444e0568
SRR10034563,paired,ftp,ftp.sra.ebi.ac.uk/vol1/fastq/SRR100/063/SRR10034563/SRR10034563_1.fastq.gz,ftp.sra.ebi.ac.uk/vol1/fastq/SRR100/063/SRR10034563/SRR10034563_2.fastq.gz,131bd1f20cb85c9b4e6adfaa30d67e98,95b7729e2666339bdd460038bd96cdba
SRR10034562,paired,ftp,ftp.sra.ebi.ac.uk/vol1/fastq/SRR100/062/SRR10034562/SRR10034562_1.fastq.gz,ftp.sra.ebi.ac.uk/vol1/fastq/SRR100/062/SRR10034562/SRR10034562_2.fastq.gz,504404257a3cc78509260183b3f59d04,36f59f71018b4ce3d39c4cbdb2b6e10d
SRR10034561,paired,ftp,ftp.sra.ebi.ac.uk/vol1/fastq/SRR100/061/SRR10034561/SRR10034561_1.fastq.gz,ftp.sra.ebi.ac.uk/vol1/fastq/SRR100/061/SRR10034561/SRR10034561_2.fastq.gz,88e2b826d6a77348865cb50c1d29c1f0,de749e07391a0c9c98b3e66ad0f524f7
SRR10034560,paired,ftp,ftp.sra.ebi.ac.uk/vol1/fastq/SRR100/060/SRR10034560/SRR10034560_1.fastq.gz,ftp.sra.ebi.ac.uk/vol1/fastq/SRR100/060/SRR10034560/SRR10034560_2.fastq.gz,0de85602fdda95a868d28096fd8b1ec0,3c85c5d358843a88391313df76ab04fe
SRR10034555,paired,ftp,ftp.sra.ebi.ac.uk/vol1/fastq/SRR100/055/SRR10034555/SRR10034555_1.fastq.gz,ftp.sra.ebi.ac.uk/vol1/fastq/SRR100/055/SRR10034555/SRR10034555_2.fastq.gz,96abe801807b2f8401110d8ab62cbd41,0a225f051d7217fe633ee46c71ca2e54
SRR10034554,paired,ftp,ftp.sra.ebi.ac.uk/vol1/fastq/SRR100/054/SRR10034554/SRR10034554_1.fastq.gz,ftp.sra.ebi.ac.uk/vol1/fastq/SRR100/054/SRR10034554/SRR10034554_2.fastq.gz,a20ed299f5266736f41b4ae9fc984131,7f7bcfbbd5577a29d4479b89be9db951
SRR10034553,paired,ftp,ftp.sra.ebi.ac.uk/vol1/fastq/SRR100/053/SRR10034553/SRR10034553_1.fastq.gz,ftp.sra.ebi.ac.uk/vol1/fastq/SRR100/053/SRR10034553/SRR10034553_2.fastq.gz,aaf9b60fc82583910d213adba25f4f51,cfde3bbb759e432a18f32f5573143280
SRR10034552,paired,ftp,ftp.sra.ebi.ac.uk/vol1/fastq/SRR100/052/SRR10034552/SRR10034552_1.fastq.gz,ftp.sra.ebi.ac.uk/vol1/fastq/SRR100/052/SRR10034552/SRR10034552_2.fastq.gz,9759c0a33613b0b11dba9c8a031d027f,7225640c3ff81950f44570a25a1b12ae
SRR10034546,paired,ftp,ftp.sra.ebi.ac.uk/vol1/fastq/SRR100/046/SRR10034546/SRR10034546_1.fastq.gz,ftp.sra.ebi.ac.uk/vol1/fastq/SRR100/046/SRR10034546/SRR10034546_2.fastq.gz,2b9a1b6ca09e443ff515027834b56e57,29409b067e6e8f17b08c3380511eaa4f
SRR10034545,paired,ftp,ftp.sra.ebi.ac.uk/vol1/fastq/SRR100/045/SRR10034545/SRR10034545_1.fastq.gz,ftp.sra.ebi.ac.uk/vol1/fastq/SRR100/045/SRR10034545/SRR10034545_2.fastq.gz,1d72426c9b83a4348024a94e553a1ec3,4e2ebe9c4fcc8eda32ac3da5d13fcdc5
SRR10034542,paired,ftp,ftp.sra.ebi.ac.uk/vol1/fastq/SRR100/042/SRR10034542/SRR10034542_1.fastq.gz,ftp.sra.ebi.ac.uk/vol1/fastq/SRR100/042/SRR10034542/SRR10034542_2.fastq.gz,5567c4e5bd6e671b4bfd8dab3f4991e6,7e07420092bd133d365c97625e9208f0
SRR10871270,paired,ftp,ftp.sra.ebi.ac.uk/vol1/fastq/SRR108/070/SRR10871270/SRR10871270_1.fastq.gz,ftp.sra.ebi.ac.uk/vol1/fastq/SRR108/070/SRR10871270/SRR10871270_2.fastq.gz,db7f62a8af2c38150534736f9766d4fb,b90b2534db1abffd49f4c0aa0d5aa879
SRR10871271,paired,ftp,ftp.sra.ebi.ac.uk/vol1/fastq/SRR108/071/SRR10871271/SRR10871271_1.fastq.gz,ftp.sra.ebi.ac.uk/vol1/fastq/SRR108/071/SRR10871271/SRR10871271_2.fastq.gz,2279af29eca8f46b933f232aca1b5539,573099ba2e9e8ab3b75f55230f8a5d3e
SRR10871272,paired,ftp,ftp.sra.ebi.ac.uk/vol1/fastq/SRR108/072/SRR10871272/SRR10871272_1.fastq.gz,ftp.sra.ebi.ac.uk/vol1/fastq/SRR108/072/SRR10871272/SRR10871272_2.fastq.gz,a26f358a48f142b8fdabb62f84890a64,1fe9fadef7ba91999537aa4a093909d9
SRR10871273,paired,ftp,ftp.sra.ebi.ac.uk/vol1/fastq/SRR108/073/SRR10871273/SRR10871273_1.fastq.gz,ftp.sra.ebi.ac.uk/vol1/fastq/SRR108/073/SRR10871273/SRR10871273_2.fastq.gz,0a2bb4472dfd48c9c0af0631970edb40,bd8c0e2bdbba4fc66493fa6c6621708c
SRR10871274,paired,ftp,ftp.sra.ebi.ac.uk/vol1/fastq/SRR108/074/SRR10871274/SRR10871274_1.fastq.gz,ftp.sra.ebi.ac.uk/vol1/fastq/SRR108/074/SRR10871274/SRR10871274_2.fastq.gz,ef241e3b731a7118a76fa516e299d8dc,3cb08e66901b210f39c8110113a7ec01
SRR10871275,paired,ftp,ftp.sra.ebi.ac.uk/vol1/fastq/SRR108/075/SRR10871275/SRR10871275_1.fastq.gz,ftp.sra.ebi.ac.uk/vol1/fastq/SRR108/075/SRR10871275/SRR10871275_2.fastq.gz,71d99948d3a8a161d16ee30a13019618,1cd21a800f4deca3587fa0944c22c9da
SRR11122981,paired,ftp,ftp.sra.ebi.ac.uk/vol1/fastq/SRR111/081/SRR11122981/SRR11122981_1.fastq.gz,ftp.sra.ebi.ac.uk/vol1/fastq/SRR111/081/SRR11122981/SRR11122981_2.fastq.gz,7d12daecf966842741a140b9c2188a88,0f7cd65863c5f0501383248ede617f49
SRR11122982,paired,ftp,ftp.sra.ebi.ac.uk/vol1/fastq/SRR111/082/SRR11122982/SRR11122982_1.fastq.gz,ftp.sra.ebi.ac.uk/vol1/fastq/SRR111/082/SRR11122982/SRR11122982_2.fastq.gz,d752d4c5eb1f32d0a444e3624a176122,cb688b610467960085576b6d9ab8a0e8
SRR11122983,paired,ftp,ftp.sra.ebi.ac.uk/vol1/fastq/SRR111/083/SRR11122983/SRR11122983_1.fastq.gz,ftp.sra.ebi.ac.uk/vol1/fastq/SRR111/083/SRR11122983/SRR11122983_2.fastq.gz,71305fc9b88c807f61020ba2865c8d55,8b9b80c23668b7ba76dc8e3846ce6417
SRR11122984,paired,ftp,ftp.sra.ebi.ac.uk/vol1/fastq/SRR111/084/SRR11122984/SRR11122984_1.fastq.gz,ftp.sra.ebi.ac.uk/vol1/fastq/SRR111/084/SRR11122984/SRR11122984_2.fastq.gz,5e28438a028322fc995593fe9d3b8ef5,84c2a9d0bfa26c2b9ea750f3286baad6
SRR11122985,paired,ftp,ftp.sra.ebi.ac.uk/vol1/fastq/SRR111/085/SRR11122985/SRR11122985_1.fastq.gz,ftp.sra.ebi.ac.uk/vol1/fastq/SRR111/085/SRR11122985/SRR11122985_2.fastq.gz,c0ab2faa86f4e57218c26f181694a32f,25a485a21c8b3f0e3af76b4ef634251c
SRR11122986,paired,ftp,ftp.sra.ebi.ac.uk/vol1/fastq/SRR111/086/SRR11122986/SRR11122986_1.fastq.gz,ftp.sra.ebi.ac.uk/vol1/fastq/SRR111/086/SRR11122986/SRR11122986_2.fastq.gz,c4247e2024ba2750d116cf29372f6fbe,807628266237248435a54475c61562f3
SRR11122987,paired,ftp,ftp.sra.ebi.ac.uk/vol1/fastq/SRR111/087/SRR11122987/SRR11122987_1.fastq.gz,ftp.sra.ebi.ac.uk/vol1/fastq/SRR111/087/SRR11122987/SRR11122987_2.fastq.gz,49d91f5c8fbd167aabadce17e0423704,eacf0f8c113039620731a95d57603a95
SRR11122988,paired,ftp,ftp.sra.ebi.ac.uk/vol1/fastq/SRR111/088/SRR11122988/SRR11122988_1.fastq.gz,ftp.sra.ebi.ac.uk/vol1/fastq/SRR111/088/SRR11122988/SRR11122988_2.fastq.gz,189f3a85d17f50b3c46e783531602b0b,3a91e6ec8a72c46975da85446feb4451
SRR11122989,paired,ftp,ftp.sra.ebi.ac.uk/vol1/fastq/SRR111/089/SRR11122989/SRR11122989_1.fastq.gz,ftp.sra.ebi.ac.uk/vol1/fastq/SRR111/089/SRR11122989/SRR11122989_2.fastq.gz,8fa3335ab044c15bcf3899707b99e200,bcdfdade0fd0453669379c15c0a21e39
SRR11449135,paired,ftp,ftp.sra.ebi.ac.uk/vol1/fastq/SRR114/035/SRR11449135/SRR11449135_1.fastq.gz,ftp.sra.ebi.ac.uk/vol1/fastq/SRR114/035/SRR11449135/SRR11449135_2.fastq.gz,203e3ff1b98c2dae2e0b8571b10dd706,42b25af5cceeb1fdf9342cad81ab64ad
SRR11449136,paired,ftp,ftp.sra.ebi.ac.uk/vol1/fastq/SRR114/036/SRR11449136/SRR11449136_1.fastq.gz,ftp.sra.ebi.ac.uk/vol1/fastq/SRR114/036/SRR11449136/SRR11449136_2.fastq.gz,03d60ec9de51dbedba8c74da58ea3d96,55662615784a029fdccc2b58daae3ff2
SRR11449137,paired,ftp,ftp.sra.ebi.ac.uk/vol1/fastq/SRR114/037/SRR11449137/SRR11449137_1.fastq.gz,ftp.sra.ebi.ac.uk/vol1/fastq/SRR114/037/SRR11449137/SRR11449137_2.fastq.gz,1767ab0744efb2f907e604f8b06cdac1,1d1fb08ed428fbe79fca150a43d9459e
SRR11449138,paired,ftp,ftp.sra.ebi.ac.uk/vol1/fastq/SRR114/038/SRR11449138/SRR11449138_1.fastq.gz,ftp.sra.ebi.ac.uk/vol1/fastq/SRR114/038/SRR11449138/SRR11449138_2.fastq.gz,b7b62cad30586976d9bf40edf514cd9c,42e6b63db961e08ad3088bace9482a59
SRR11449139,paired,ftp,ftp.sra.ebi.ac.uk/vol1/fastq/SRR114/039/SRR11449139/SRR11449139_1.fastq.gz,ftp.sra.ebi.ac.uk/vol1/fastq/SRR114/039/SRR11449139/SRR11449139_2.fastq.gz,c3eb47d84fe242acaef0818dc41b333d,7ec6330c1aa17e91c0e579cba2ce92f8
SRR11449140,paired,ftp,ftp.sra.ebi.ac.uk/vol1/fastq/SRR114/040/SRR11449140/SRR11449140_1.fastq.gz,ftp.sra.ebi.ac.uk/vol1/fastq/SRR114/040/SRR11449140/SRR11449140_2.fastq.gz,07b0c92fc981ec7db64edf9764af9ad8,5730bc1340ca48381253555ea55da941
SRR11449141,paired,ftp,ftp.sra.ebi.ac.uk/vol1/fastq/SRR114/041/SRR11449141/SRR11449141_1.fastq.gz,ftp.sra.ebi.ac.uk/vol1/fastq/SRR114/041/SRR11449141/SRR11449141_2.fastq.gz,0eb3c16c79b7d5da35ab43b994371060,456ee253af592619d0d3dce1b5e31c8f
SRR11449142,paired,ftp,ftp.sra.ebi.ac.uk/vol1/fastq/SRR114/042/SRR11449142/SRR11449142_1.fastq.gz,ftp.sra.ebi.ac.uk/vol1/fastq/SRR114/042/SRR11449142/SRR11449142_2.fastq.gz,8983517e1a0de66685589388429fe329,e66c0c146a25496e4912e0fa15e48791
SRR11449143,paired,ftp,ftp.sra.ebi.ac.uk/vol1/fastq/SRR114/043/SRR11449143/SRR11449143_1.fastq.gz,ftp.sra.ebi.ac.uk/vol1/fastq/SRR114/043/SRR11449143/SRR11449143_2.fastq.gz,ee1240c3add6806124f0318ebf31a33e,74d2693e9fcfc8502041c6ee58f94457
SRR11449144,paired,ftp,ftp.sra.ebi.ac.uk/vol1/fastq/SRR114/044/SRR11449144/SRR11449144_1.fastq.gz,ftp.sra.ebi.ac.uk/vol1/fastq/SRR114/044/SRR11449144/SRR11449144_2.fastq.gz,5643f8ef770d8dc439481c47625f7546,97d50dce8d8d80c2688d6eaa9ff525b2
SRR11449145,paired,ftp,ftp.sra.ebi.ac.uk/vol1/fastq/SRR114/045/SRR11449145/SRR11449145_1.fastq.gz,ftp.sra.ebi.ac.uk/vol1/fastq/SRR114/045/SRR11449145/SRR11449145_2.fastq.gz,df679a724b3a25dda041cf51f745aca6,700d538467486704f8f6815997e478c2
SRR11449146,paired,ftp,ftp.sra.ebi.ac.uk/vol1/fastq/SRR114/046/SRR11449146/SRR11449146_1.fastq.gz,ftp.sra.ebi.ac.uk/vol1/fastq/SRR114/046/SRR11449146/SRR11449146_2.fastq.gz,1815bdf8eb189abc416c3c404feaf0f8,d31fdc2563374b14fe08a3515e39bd39
SRR12886090,paired,ftp,ftp.sra.ebi.ac.uk/vol1/fastq/SRR128/090/SRR12886090/SRR12886090_1.fastq.gz,ftp.sra.ebi.ac.uk/vol1/fastq/SRR128/090/SRR12886090/SRR12886090_2.fastq.gz,3ac909b9082ce9aa8a8905e41d29c2c3,d18670dfec61c2b7b6c3918fc77724d5
SRR12886089,paired,ftp,ftp.sra.ebi.ac.uk/vol1/fastq/SRR128/089/SRR12886089/SRR12886089_1.fastq.gz,ftp.sra.ebi.ac.uk/vol1/fastq/SRR128/089/SRR12886089/SRR12886089_2.fastq.gz,e5a2943e74bc0ffc817e79cc886a9773,01e5dc194aa3361a1b735222356dda12
SRR12886088,paired,ftp,ftp.sra.ebi.ac.uk/vol1/fastq/SRR128/088/SRR12886088/SRR12886088_1.fastq.gz,ftp.sra.ebi.ac.uk/vol1/fastq/SRR128/088/SRR12886088/SRR12886088_2.fastq.gz,db467f7aadf61c264b84b80e6d7d3663,8621377f686cc550e70efdb310e7d8c8
SRR12886087,paired,ftp,ftp.sra.ebi.ac.uk/vol1/fastq/SRR128/087/SRR12886087/SRR12886087_1.fastq.gz,ftp.sra.ebi.ac.uk/vol1/fastq/SRR128/087/SRR12886087/SRR12886087_2.fastq.gz,a3159321c0dcc36912316a2c137ec077,701d34f9b8c76630f5f0d6334fad96c2
SRR12886086,single,ftp,ftp.sra.ebi.ac.uk/vol1/fastq/SRR128/086/SRR12886086/SRR12886086.fastq.gz,,e900d81593b1805fdfc675cdd47aea84,
SRR12886085,single,ftp,ftp.sra.ebi.ac.uk/vol1/fastq/SRR128/085/SRR12886085/SRR12886085.fastq.gz,,ccb529e9225135d99f91dd508e3af353,
SRR12886084,single,ftp,ftp.sra.ebi.ac.uk/vol1/fastq/SRR128/084/SRR12886084/SRR12886084.fastq.gz,,87d9dbdd84bfc0dfb52866f3e2cf8cef,
SRR12886083,single,ftp,ftp.sra.ebi.ac.uk/vol1/fastq/SRR128/083/SRR12886083/SRR12886083.fastq.gz,,3c09b35a2fbe5b58a2c932e3c2376134,
SRR12886082,single,ftp,ftp.sra.ebi.ac.uk/vol1/fastq/SRR128/082/SRR12886082/SRR12886082.fastq.gz,,c4c574dbbfb983285350b05084d15173,
SRR12886081,single,ftp,ftp.sra.ebi.ac.uk/vol1/fastq/SRR128/081/SRR12886081/SRR12886081.fastq.gz,,5dfac64b21d1b84c57766fddb775fd9c,
SRR12886080,paired,ftp,ftp.sra.ebi.ac.uk/vol1/fastq/SRR128/080/SRR12886080/SRR12886080_1.fastq.gz,ftp.sra.ebi.ac.uk/vol1/fastq/SRR128/080/SRR12886080/SRR12886080_2.fastq.gz,02a5c94deb25683a03d097360aa2bcba,0013afb183a9207688f56003b8de6767
SRR12886079,paired,ftp,ftp.sra.ebi.ac.uk/vol1/fastq/SRR128/079/SRR12886079/SRR12886079_1.fastq.gz,ftp.sra.ebi.ac.uk/vol1/fastq/SRR128/079/SRR12886079/SRR12886079_2.fastq.gz,1d0b4fb6da20657287efa67bd0248c94,c95b0106f07c85a865ff5ef575a6b2f9
SRR12886078,paired,ftp,ftp.sra.ebi.ac.uk/vol1/fastq/SRR128/078/SRR12886078/SRR12886078_1.fastq.gz,ftp.sra.ebi.ac.uk/vol1/fastq/SRR128/078/SRR12886078/SRR12886078_2.fastq.gz,6c11bdee4c5330fdab8243f07cfca9d3,f926e624d1c77ebdbc54ac3da24c26d4
SRR12886077,paired,ftp,ftp.sra.ebi.ac.uk/vol1/fastq/SRR128/077/SRR12886077/SRR12886077_1.fastq.gz,ftp.sra.ebi.ac.uk/vol1/fastq/SRR128/077/SRR12886077/SRR12886077_2.fastq.gz,21bf9ff9a6d9b67bf31fd9dcc92325d5,918934b335c6f8fb10ad41129d5857e4
SRR12886076,paired,ftp,ftp.sra.ebi.ac.uk/vol1/fastq/SRR128/076/SRR12886076/SRR12886076_1.fastq.gz,ftp.sra.ebi.ac.uk/vol1/fastq/SRR128/076/SRR12886076/SRR12886076_2.fastq.gz,5d6da890faf309976b2004979917e12b,44aec413d45f99b2d30ef4453ee07039
SRR12886075,paired,ftp,ftp.sra.ebi.ac.uk/vol1/fastq/SRR128/075/SRR12886075/SRR12886075_1.fastq.gz,ftp.sra.ebi.ac.uk/vol1/fastq/SRR128/075/SRR12886075/SRR12886075_2.fastq.gz,bdb0ec1bcd4815ca2fb144ea5ef15c30,90a209f427d24e24327ef5b72a3930dc
SRR12886074,paired,ftp,ftp.sra.ebi.ac.uk/vol1/fastq/SRR128/074/SRR12886074/SRR12886074_1.fastq.gz,ftp.sra.ebi.ac.uk/vol1/fastq/SRR128/074/SRR12886074/SRR12886074_2.fastq.gz,2a7ba2391a06a0f1794a6af22fa0e582,400127d5877593e386107abe12a18f8a
SRR12886073,paired,ftp,ftp.sra.ebi.ac.uk/vol1/fastq/SRR128/073/SRR12886073/SRR12886073_1.fastq.gz,ftp.sra.ebi.ac.uk/vol1/fastq/SRR128/073/SRR12886073/SRR12886073_2.fastq.gz,f0b9598635c7dbf826c178926a778a5b,97b1d1a93db07297e959c49dd97eab23
SRR12971333,paired,ftp,ftp.sra.ebi.ac.uk/vol1/fastq/SRR129/033/SRR12971333/SRR12971333_1.fastq.gz,ftp.sra.ebi.ac.uk/vol1/fastq/SRR129/033/SRR12971333/SRR12971333_2.fastq.gz,c3268cc18714c7f08fd239bed4a78377,d3cfc1bc40e7b9b827a1b08081e5e1f1
SRR12971334,paired,ftp,ftp.sra.ebi.ac.uk/vol1/fastq/SRR129/034/SRR12971334/SRR12971334_1.fastq.gz,ftp.sra.ebi.ac.uk/vol1/fastq/SRR129/034/SRR12971334/SRR12971334_2.fastq.gz,ef5b9cacd6317811e1df9674f31a7e76,f81ebe832e86b233cee51394c5504a19
SRR12971335,paired,ftp,ftp.sra.ebi.ac.uk/vol1/fastq/SRR129/035/SRR12971335/SRR12971335_1.fastq.gz,ftp.sra.ebi.ac.uk/vol1/fastq/SRR129/035/SRR12971335/SRR12971335_2.fastq.gz,d7fe598c9966c710544d6e3b521ed6ca,89978768be4793cd5defe3732f20a63b
SRR12971336,paired,ftp,ftp.sra.ebi.ac.uk/vol1/fastq/SRR129/036/SRR12971336/SRR12971336_1.fastq.gz,ftp.sra.ebi.ac.uk/vol1/fastq/SRR129/036/SRR12971336/SRR12971336_2.fastq.gz,8c27594a2ac38b3d48d6ee88f6d68483,75505f24d2abb117a293194780789dd1
SRR12971337,paired,ftp,ftp.sra.ebi.ac.uk/vol1/fastq/SRR129/037/SRR12971337/SRR12971337_1.fastq.gz,ftp.sra.ebi.ac.uk/vol1/fastq/SRR129/037/SRR12971337/SRR12971337_2.fastq.gz,ac82d615fdc63543b259f52785e061c5,e604dbf4741ff75e58a1777c29128c30
SRR12971338,paired,ftp,ftp.sra.ebi.ac.uk/vol1/fastq/SRR129/038/SRR12971338/SRR12971338_1.fastq.gz,ftp.sra.ebi.ac.uk/vol1/fastq/SRR129/038/SRR12971338/SRR12971338_2.fastq.gz,50354c407839cc6f9b985353cde419dd,0a62fccbe60ef4fad2951af83d3c5953
SRR23839022,nanopore,ftp,ftp.sra.ebi.ac.uk/vol1/fastq/SRR238/022/SRR23839022/SRR23839022_1.fastq.gz,,dbea31b3ec9301f0cb8fc272a638f0f9,
SRR23839021,nanopore,ftp,ftp.sra.ebi.ac.uk/vol1/fastq/SRR238/021/SRR23839021/SRR23839021_1.fastq.gz,,25db731216fb5f521fb5b639791a9790,
SRR23839020,nanopore,ftp,ftp.sra.ebi.ac.uk/vol1/fastq/SRR238/020/SRR23839020/SRR23839020_1.fastq.gz,,631ca2b6d304ab303d4c73ea20f28975,
SRR23839019,nanopore,ftp,ftp.sra.ebi.ac.uk/vol1/fastq/SRR238/019/SRR23839019/SRR23839019_1.fastq.gz,,8f4914aef629f4aa81bf8a36e2d4064c,
SRR23839018,nanopore,ftp,ftp.sra.ebi.ac.uk/vol1/fastq/SRR238/018/SRR23839018/SRR23839018_1.fastq.gz,,c47b8325ad926ba8aa533676d973f992,
SRR23839017,nanopore,ftp,ftp.sra.ebi.ac.uk/vol1/fastq/SRR238/017/SRR23839017/SRR23839017_1.fastq.gz,,51d4312866326378aa0ffde2976b9474,
ERR3380218,single,ftp,ftp.sra.ebi.ac.uk/vol1/fastq/ERR338/008/ERR3380218/ERR3380218.fastq.gz,,3b7ffc231c53bd1a7a4730afbfd55c61
SRR6982814,paired,ftp,ftp.sra.ebi.ac.uk/vol1/fastq/SRR698/004/SRR6982814/SRR6982814_1.fastq.gz,ftp.sra.ebi.ac.uk/vol1/fastq/SRR698/004/SRR6982814/SRR6982814_2.fastq.gz,465a90034682a246b43b648323a80af4,5e07be5d943aa77ba37ae61c5e7ac7c7
SRR6982815,paired,ftp,ftp.sra.ebi.ac.uk/vol1/fastq/SRR698/005/SRR6982815/SRR6982815_1.fastq.gz,ftp.sra.ebi.ac.uk/vol1/fastq/SRR698/005/SRR6982815/SRR6982815_2.fastq.gz,453f072b6acb530845975407851a811f,16737e0580573fdc6d485ef792c48807
